Workbook

Sheet Data Extensions
A1: DE NAME | B1: Date Checked | C1: DictionaryLink | D1: SchemaLink | E1: . | F1: SFMCLastModifiedDate | G1: FieldCount | H1: RecordCount | I1: Sendable | J1: Testable | K1: Retention | L1: . | M1: Type | N1: Source | O1: SFID/SubKeyField | P1: . | Q1: HasInsertDate | R1: InsertDateField | S1: InsertDateNullable | T1: InsertDateDefault | U1: . | V1: Notes
A2: Active Handraisers - KPMG US Webform Submissions | B2: 46283 | C2: Active Handraisers - KPMG US Webform Submissions | D2: https://kpmgus.sharepoint.com/sites/US-Marketing_Data_Management/Lists/SFMC%20Data%20Dictionary/Attachments/43/Active%20Handraisers%20-%20KPMG%20US%20Webform%20Submissions.xlsx?web=1 | E2: . | F2: 46149 | G2: 59 | H2: 14870 | I2: No | J2: No | K2: Off | L2: . | M2: Filtered | N2: Centralized_Form_Processor_DE | O2: Salesforce_ID | P2: . | Q2: Y | R2: [Date] | S2: YES | T2: currentdate | U2: .
A3: BACKup_CFP | B3: 46283 | C3: BACKup_CFP | D3: https://kpmgus.sharepoint.com/sites/US-Marketing_Data_Management/Lists/SFMC%20Data%20Dictionary/Attachments/526/BACKup_CFP.xlsx?web=1 | E3: . | F3: 46149 | G3: 58 | H3: 170047 | I3: No | J3: No | K3: Off | L3: . | M3: Standard | O3: Salesforce_ID | P3: . | Q3: Y | R3: [Date] | S3: NO | T3: currentdate | U3: . | V3: Schema matches CFP default - 41 of 58 fields not used, Salesforce_ID not populated | W3: Type mismatch
A4: Centralized_Form _Journey | B4: 46283 | C4: Centralized_Form _Journey | D4: https://kpmgus.sharepoint.com/sites/US-Marketing_Data_Management/Lists/SFMC%20Data%20Dictionary/Attachments/44/Centralized_Form%20_Journey.xlsx?web=1 | E4: . | F4: 46055 | G4: 56 | H4: 73603 | I4: Yes | J4: No | K4: Off | L4: . | M4: Standard | O4: Salesforce_ID | P4: . | Q4: Y | R4: [Date] | S4: YES | T4: currentdate | U4: .
E5: . | L5: . | P5: . | U5: .
E6: . | L6: . | P6: . | U6: .
E7: . | L7: . | P7: . | U7: .
E8: . | L8: . | P8: . | U8: .
E9: . | L9: . | P9: . | U9: .
E10: . | L10: . | P10: . | U10: .
E11: . | L11: . | P11: . | U11: .
E12: . | L12: . | P12: . | U12: .
E13: . | L13: . | P13: . | U13: .
E14: . | L14: . | P14: . | U14: .
E15: . | L15: . | P15: . | U15: .
E16: . | L16: . | P16: . | U16: .
... E33: . | L33: . | P33: . | U33: .

Sheet Automations
A1: AutomationTitle | B1: AutoID | C1: Automation Name | D1: LastChecked | E1: BU | F1: A_Location | G1: A_Key | H1: A_Desc | I1: A_CreatedDate | J1: A_LastSavedDate | K1: A_LastPausedDate | L1: A_Status | M1: A_StartingSource | N1: A_ScheduleInfo | O1: A_FileLocation | P1: A_TriggerInfo | Q1: A_StepCount | R1: A_ErrorRate | S1: A_ErrorNotificationEmails | T1: A_HasErrorMonitor | U1: A_AvgRunTime | V1: A_Campaign | W1: A_NextRun | X1: A_LastRunStatus | Y1: A_LastRun | Z1: A_LastModified
A2: =CONCATENATE("A",TEXT(B2, "0000"),"__",C2) -> A01A__AutomationName | B2: 01A | C2: AutomationName | D2: n/a | E2: PROD | F2: my automations/ | I2: 46281 | J2: 46281 | K2: 46281 | M2: Schedule
A3: =CONCATENATE("A",TEXT(B3, "0000"),"__",C3) -> A09B__Consent-Consent Updates | B3: 09B | C3: Consent-Consent Updates | D3: 46296 | E3: PROD | F3: my automations/09. Preference/B.Daily | G3: 0f875206-cc21-4f9a-a4f5-40ebed2995cd | H3: Automation that processes consent status from SC. Also processes one click unsubscribe action. GEE-3391 | I3: 45422 | J3: 46296 | K3: 46289 | L3: Active | M3: Schedule | N3: Every 6 Hours | Q3: 53 | S3: us-dlbpgsfmcmonitoring@kpmg.com | T3: yes | W3: 46296.547
A4: =CONCATENATE("A",TEXT(B4, "0000"),"__",C4) -> A0000__Reporting-LinkedInLive_UpdateMasterDE | C4: Reporting-LinkedInLive_UpdateMasterDE | H4: N/A | M4: Awaiting Trigger
A5: =CONCATENATE("A",TEXT(B5, "0000"),"__",C5) -> A0000__SFIDUpdate-WebRFPGlobalMASTERDE | C5: SFIDUpdate-WebRFPGlobalMASTERDE | H5: Creates an automated task when a contact or lead submits the global RFP web form - GSENHANCEM-336 GSENHANCEM-335 | I5: 45392.502 | M5: Scheduled
A6: =CONCATENATE("A",TEXT(B6, "0000"),"__",C6) -> A0000__SFTaskCreation-GlobalRFPExistingContact | C6: SFTaskCreation-GlobalRFPExistingContact | H6: Update the Comment Field in the Sales Cloud -GSENHANCEM-336 | I6: 44665.08 | M6: Running
A7: =CONCATENATE("A",TEXT(B7, "0000"),"__",C7) -> A0000__CVENT-CventInviteExport | C7: CVENT-CventInviteExport | H7: Export of Cvent invitee information to MoveIt | I7: 44349.568 | M7: Scheduled
A8: =CONCATENATE("A",TEXT(B8, "0000"),"__",C8) -> A0000__Consent-UpdateAlumniOptIn | C8: Consent-UpdateAlumniOptIn | H8: Automation to process alumni opt ins and opt outs to keep the alumni status aligned in both marketing cloud and sales cloud. GEE-16210, GSENHANCEM-16669. | I8: 45304.386 | M8: Scheduled
A9: =CONCATENATE("A",TEXT(B9, "0000"),"__",C9) -> A0000__Consent-Consent Updates | C9: Consent-Consent Updates | H9: F | I9: 45422.319 | M9: Scheduled
A10: =CONCATENATE("A",TEXT(B10, "0000"),"__",C10) -> A0000__Suppression-HardBounceList | C10: Suppression-HardBounceList | H10: This automation captures the bounced records based on the Bopunce category, subcategory and SMTP code. It also updates the all subscribers status to held for the bounced records based on emails | I10: 44440.696 | M10: Scheduled
A11: =CONCATENATE("A",TEXT(B11, "0000"),"__",C11) -> A0000__InPersonEvent-AttendedTradeshowBoothScans | C11: InPersonEvent-AttendedTradeshowBoothScans | H11: Automated Process for In-Person Event Attended (Tradeshow Booth Scans) - GSENHANCEM-9628 | I11: 45197.758 | M11: Scheduled
A12: =CONCATENATE("A",TEXT(B12, "0000"),"__",C12) -> A0000__Subscribers-MarketingTeamResetAllSubscribersStatus | C12: Subscribers-MarketingTeamResetAllSubscribersStatus | H12: Reactivates subscribers by updating their status to Active based on email addresses from a Data Extension, with errors logged to Automation_Error_Log. GEE-18648 | I12: 45869.751 | M12: Scheduled
A13: =CONCATENATE("A",TEXT(B13, "0000"),"__",C13) -> A0000__SalesforceTaskCreation-EnrichmentTaskForActiveHandraisers | C13: SalesforceTaskCreation-EnrichmentTaskForActiveHandraisers | H13: This Automation fetches the records from the centralized processor DE and triggers the journey which creates the task on the sales cloud. | I13: 44783.368 | M13: Scheduled
A14: =CONCATENATE("A",TEXT(B14, "0000"),"__",C14) -> A0000__SFTaskCreation-MultipleInPersonAttendees | C14: SFTaskCreation-MultipleInPersonAttendees | H14: Automation for Multiple In-Person Attendees from the Same Account (Update ParentId as AccountId if not null else update AccountId) | I14: 45139.451 | M14: Scheduled
A15: =CONCATENATE("A",TEXT(B15, "0000"),"__",C15) -> A0000__SFIDUpdate-Maintain SalesforceID Marketing Data Sources | C15: SFIDUpdate-Maintain SalesforceID Marketing Data Sources | H15: Updates SalesforceID in 2nd and 3rd Party Source MASTER Data Extensions, as well as other key data extension such as Subscriber Preferences Email. | I15: 44470.451 | M15: Scheduled
A16: =CONCATENATE("A",TEXT(B16, "0000"),"__",C16) -> A0000__CentralizedFormProcessor-MasterQA | C16: CentralizedFormProcessor-MasterQA | H16: Identifies invalid campaign records, duplicates and incorrect preferences in Master_Centralized_Form Processor DE | I16: 45162.299 | M16: Scheduled
... A50: =CONCATENATE("A",TEXT(B50, "0000"),"__",C50) -> A0000__Reporting-SycndContactsLeadsUsers | C50: Reporting-SycndContactsLeadsUsers | H50: Combines Salesforce contacts, leads, and users into a unified dataset with standardized IDs and source labels; overwrites Syncd_ContactsLeadsUsers_FourBUs on each run. | I50: 44826.549 | M50: Scheduled
A51: =CONCATENATE("A",TEXT(B51, "0000"),"__",C51) -> A0000__Reporting-VendorContactDataKcentral_UpdateMasterDE | C51: Reporting-VendorContactDataKcentral_UpdateMasterDE | H51: N/A | M51: Awaiting Trigger
A52: =CONCATENATE("A",TEXT(B52, "0000"),"__",C52) -> A0000__Reporting-WebRFPGlobal_UpdateMasterDE | C52: Reporting-WebRFPGlobal_UpdateMasterDE | H52: N/A | M52: Awaiting Trigger
A53: =CONCATENATE("A",TEXT(B53, "0000"),"__",C53) -> A0000__Reporting-GA4Pageview_UpdateMasterDE | C53: Reporting-GA4Pageview_UpdateMasterDE | H53: N/A | M53: Awaiting Trigger
A54: =CONCATENATE("A",TEXT(B54, "0000"),"__",C54) -> A0000__Everest-EmailDeliverability_MonitoringGeneral | C54: Everest-EmailDeliverability_MonitoringGeneral | H54: N/A | M54: Awaiting Trigger
A55: =CONCATENATE("A",TEXT(B55, "0000"),"__",C55) -> A0000__Reporting-GA4DataOnboarding | C55: Reporting-GA4DataOnboarding | H55: N/A | M55: Awaiting Trigger
A56: =CONCATENATE("A",TEXT(B56, "0000"),"__",C56) -> A0000__Reporting-GlobalClicks | C56: Reporting-GlobalClicks | H56: Extracts click tracking data from the _Click data view, capturing engagement details such as URLs, domains, and subscriber activity; overwrites Global_Clicks DE on each run. | I56: 44669.579 | M56: Scheduled
A57: =CONCATENATE("A",TEXT(B57, "0000"),"__",C57) -> A0000__Reporting-Leads-ClosedStatusV2 | C57: Reporting-Leads-ClosedStatusV2 | H57: Extracts Salesforce leads with a closed status from Lead_Salesforce_5, capturing ID, email, and status details; overwrites Leads_Closed_Status_v2 DE on each run. | I57: 45436.408 | M57: Scheduled
A58: =CONCATENATE("A",TEXT(B58, "0000"),"__",C58) -> A0000__SFupdate-Emailchange_Invalid_Valid | C58: SFupdate-Emailchange_Invalid_Valid | H58: Extracts and evaluates Salesforce contact email records against invalid email suppression lists, identifying active invalid and recovery scenarios; overwrites intermediate and comparison DEs. | I58: 45077.439 | M58: Scheduled
A59: =CONCATENATE("A",TEXT(B59, "0000"),"__",C59) -> A0000__Reporting-GA4Event_UpdateMasterDE | C59: Reporting-GA4Event_UpdateMasterDE | H59: N/A | M59: Awaiting Trigger
A60: =CONCATENATE("A",TEXT(B60, "0000"),"__",C60) -> A0000__CentralizedFormProcessor-Extract | C60: CentralizedFormProcessor-Extract | H60: Extracts MCFP data and transfers the output file to FTP for downstream QA processing; runs daily to support centralized form data handling. | I60: 45538.252 | M60: Scheduled
A61: =CONCATENATE("A",TEXT(B61, "0000"),"__",C61) -> A0000__Everest-EmailDeliverability_UniqueEmailAddressMostRecentRunDate | C61: Everest-EmailDeliverability_UniqueEmailAddressMostRecentRunDate | H61: Extracts most recent Everest email deliverability records per email address from master data, capturing latest status and run details; overwrites EverestEmailDeliverability_Unique_MASTER on each run. | I61: 44635.602 | M61: Scheduled
A62: =CONCATENATE("A",TEXT(B62, "0000"),"__",C62) -> A0000__CVENT-Import | C62: CVENT-Import | H62: N/A | M62: Awaiting Trigger
A63: =CONCATENATE("A",TEXT(B63, "0000"),"__",C63) -> A0000__ExactTarget-JobIDCampaignID | C63: ExactTarget-JobIDCampaignID | H63: Extracts unique JobID and CampaignID pairs from MasterSendLog where CampaignID is present; overwrites ExactTargetJobIDCampaignID on each run. | I63: 44607.728 | M63: Scheduled
A64: =CONCATENATE("A",TEXT(B64, "0000"),"__",C64) -> A0000__Reporting-TaxBenchmarkingInprogres_UpdateMasterDE | C64: Reporting-TaxBenchmarkingInprogres_UpdateMasterDE | H64: N/A | M64: Awaiting Trigger
A65: =CONCATENATE("A",TEXT(B65, "0000"),"__",C65) -> A0000__Reporting-IntradoActivity_UpdateMasterDE | C65: Reporting-IntradoActivity_UpdateMasterDE | H65: N/A | M65: Awaiting Trigger
A66: =CONCATENATE("A",TEXT(B66, "0000"),"__",C66) -> A0000__Reporting-TaxBenchmarkingCompleted_Import | C66: Reporting-TaxBenchmarkingCompleted_Import | H66: N/A | M66: Awaiting Trigger
A67: =CONCATENATE("A",TEXT(B67, "0000"),"__",C67) -> A0000__Reporting-ExeEdu-OnlineClassCompletion | C67: Reporting-ExeEdu-OnlineClassCompletion | H67: N/A | M67: Awaiting Trigger
A68: =CONCATENATE("A",TEXT(B68, "0000"),"__",C68) -> A0000__Reporting-PIERegAttended_UpdateMasterDE | C68: Reporting-PIERegAttended_UpdateMasterDE | H68: N/A | M68: Awaiting Trigger
A69: =CONCATENATE("A",TEXT(B69, "0000"),"__",C69) -> A0000__Reporting-FileImportUT | C69: Reporting-FileImportUT | H69: N/A | M69: Awaiting Trigger
A70: =CONCATENATE("A",TEXT(B70, "0000"),"__",C70) -> A0000__Reporting-Intrado-Cleanup | C70: Reporting-Intrado-Cleanup | H70: N/A | I70: 46000.339 | M70: Scheduled
A71: =CONCATENATE("A",TEXT(B71, "0000"),"__",C71) -> A0000__Suppression-InvalidEmail_MASTER | C71: Suppression-InvalidEmail_MASTER | H71: Extracts and consolidates invalid and risky email addresses from Everest and ExactTarget data, enriching with Salesforce IDs; overwrites and updates InvalidEmail_MASTER_Suppression on each run. | I71: 44641.456 | M71: Scheduled
A72: =CONCATENATE("A",TEXT(B72, "0000"),"__",C72) -> A0000__Suppression-InvalidEmail_CPEUsageType | C72: Suppression-InvalidEmail_CPEUsageType | H72: Identifies and classifies invalid email usage types by comparing Salesforce contact email data with suppression sources; overwrites InvalidEmail_MASTER_Suppression_CPEUsageType on each run. | I72: 44755.379 | M72: Scheduled
A73: =CONCATENATE("A",TEXT(B73, "0000"),"__",C73) -> A0000__Segmentation-ReEngage | C73: Segmentation-ReEngage | H73: N/A | M73: Awaiting Trigger
A74: =CONCATENATE("A",TEXT(B74, "0000"),"__",C74) -> A0000__Consent-StatusOptIn | C74: Consent-StatusOptIn | H74: Extracts recent Salesforce records with Opt-in consent status, capturing contact details and consent dates; overwrites PrivacyConsentStatus_OptIn on each run. | I74: 44621.319 | M74: Scheduled
A75: =CONCATENATE("A",TEXT(B75, "0000"),"__",C75) -> A0000__Consent-StatusOptOut | C75: Consent-StatusOptOut | H75: Extracts Salesforce records with Opt-out consent status, capturing contact details and consent dates; overwrites PrivacyConsentStatus_Optout on each run. | I75: 44585.279 | M75: Scheduled
A76: =CONCATENATE("A",TEXT(B76, "0000"),"__",C76) -> A0000__Reporting-PIEMembership_UpdateMasterDE | C76: Reporting-PIEMembership_UpdateMasterDE | H76: N/A | M76: Awaiting Trigger
A77: =CONCATENATE("A",TEXT(B77, "0000"),"__",C77) -> A0000__Segmentation-ReEngagement_RecordsUpdate | C77: Segmentation-ReEngagement_RecordsUpdate | H77: Updates re-engagement records by identifying recently re-subscribed users from preference data and refreshes the target audience; appends and overwrites related data extensions on each run. | I77: 45952.398 | M77: Scheduled
A78: =CONCATENATE("A",TEXT(B78, "0000"),"__",C78) -> A0000__Reporting-QualtricsResponses_UpdateMasterDE | C78: Reporting-QualtricsResponses_UpdateMasterDE | H78: N/A | M78: Awaiting Trigger
A79: =CONCATENATE("A",TEXT(B79, "0000"),"__",C79) -> A0000__Segmentation-Anteriad_Nurtures | C79: Segmentation-Anteriad_Nurtures | H79: Segments Anteriad nurture audiences from centralized form data based on tactic and preference criteria, capturing latest engagement details; overwrites target data extensions on each run. | I79: 45868.549 | M79: Scheduled
A80: =CONCATENATE("A",TEXT(B80, "0000"),"__",C80) -> A0000__CVENT-TempLoad | C80: CVENT-TempLoad | H80: N/A | M80: Awaiting Trigger
A81: =CONCATENATE("A",TEXT(B81, "0000"),"__",C81) -> A0000__Reporting-MiscellaneousDataLoads | C81: Reporting-MiscellaneousDataLoads | H81: N/A | M81: Awaiting Trigger
A82: =CONCATENATE("A",TEXT(B82, "0000"),"__",C82) -> A0000__Repoting-ExeEduCompletionActivity_UpdateMasterDE | C82: Repoting-ExeEduCompletionActivity_UpdateMasterDE | H82: N/A | M82: Awaiting Trigger
A83: =CONCATENATE("A",TEXT(B83, "0000"),"__",C83) -> A0000__Reporting-ExeEdu-Registration | C83: Reporting-ExeEdu-Registration | H83: N/A | M83: Awaiting Trigger
A84: =CONCATENATE("A",TEXT(B84, "0000"),"__",C84) -> A0000__Reporting-Pageview_UpdateMasterDE | C84: Reporting-Pageview_UpdateMasterDE | H84: N/A | M84: Awaiting Trigger
A85: =CONCATENATE("A",TEXT(B85, "0000"),"__",C85) -> A0000__EmailActivity-OptOuts_LeadsContacts | C85: EmailActivity-OptOuts_LeadsContacts | H85: Extracts Salesforce contacts and leads with Opt-out consent status, consolidating records into a unified suppression dataset; overwrites and appends Opt_Outs on each run. | I85: 45588.499 | M85: Scheduled
A86: =CONCATENATE("A",TEXT(B86, "0000"),"__",C86) -> A0000__Reporting-GA360Event_UpdateMasterDE | C86: Reporting-GA360Event_UpdateMasterDE | H86: N/A | M86: Awaiting Trigger
A87: =CONCATENATE("A",TEXT(B87, "0000"),"__",C87) -> A0000__Reporting-Erepublic_UpdateMasterDE | C87: Reporting-Erepublic_UpdateMasterDE | H87: N/A | M87: Awaiting Trigger
A88: =CONCATENATE("A",TEXT(B88, "0000"),"__",C88) -> A0000__Reporting-AlumniIneligibleDeceased_Import | C88: Reporting-AlumniIneligibleDeceased_Import | H88: N/A | M88: Awaiting Trigger
A89: =CONCATENATE("A",TEXT(B89, "0000"),"__",C89) -> A0000__Reporting-Active Handraisers - KPMG US Webform Submissions | C89: Reporting-Active Handraisers - KPMG US Webform Submissions | H89: Extracts active handraiser records from KPMG US webform submissions using predefined filters, capturing submitted lead data; overwrites target data extension on each run. | I89: 44495.379 | M89: Scheduled
A90: =CONCATENATE("A",TEXT(B90, "0000"),"__",C90) -> A0000__Reporting-CMO-UpdateMasterDE | C90: Reporting-CMO-UpdateMasterDE | H90: N/A | M90: Awaiting Trigger
A91: =CONCATENATE("A",TEXT(B91, "0000"),"__",C91) -> A0000__Reporting-MKTDataQC | C91: Reporting-MKTDataQC | H91: Consolidates marketing activity data from multiple sources into a unified QC dataset, enriching with Salesforce and consent details; overwrites and updates MKT_Data_QC on each run. | I91: 44637.847 | M91: Scheduled
A92: =CONCATENATE("A",TEXT(B92, "0000"),"__",C92) -> A0000__Reporting-EmailEngagedActivities | C92: Reporting-EmailEngagedActivities | H92: Combines email engagement and unsubscribe activity from ExactTarget, Eloqua, and preference data, enriching with Salesforce attributes and removing invalid records; overwrites target DE on each run. | I92: 45043.505 | M92: Scheduled
A93: =CONCATENATE("A",TEXT(B93, "0000"),"__",C93) -> A0000__Reporting-GovExec_UpdateMasterDE | C93: Reporting-GovExec_UpdateMasterDE | H93: N/A | M93: Awaiting Trigger
A94: =CONCATENATE("A",TEXT(B94, "0000"),"__",C94) -> A0000__SFIDValidation-NEEDQProcess-SFIDValidate | C94: SFIDValidation-NEEDQProcess-SFIDValidate | H94: Validates Salesforce IDs across non-email engagement data by comparing source datasets, identifying discrepancies, and enriching records; updates validation and reporting data extensions on each run. | I94: 45688.162 | M94: Scheduled
A95: =CONCATENATE("A",TEXT(B95, "0000"),"__",C95) -> A0000__Reporting-JiffleNow-UpdateMasterDE | C95: Reporting-JiffleNow-UpdateMasterDE | H95: N/A | M95: Awaiting Trigger
A96: =CONCATENATE("A",TEXT(B96, "0000"),"__",C96) -> A0000__Repoting-URLCampaignMapping | C96: Repoting-URLCampaignMapping | H96: N/A | M96: Awaiting Trigger
A97: =CONCATENATE("A",TEXT(B97, "0000"),"__",C97) -> A0000__Repoting-TrainingIndustry_UpdateMasterDE | C97: Repoting-TrainingIndustry_UpdateMasterDE | H97: N/A | M97: Awaiting Trigger
A98: =CONCATENATE("A",TEXT(B98, "0000"),"__",C98) -> A0000__Campaign-General | C98: Campaign-General | H98: N/A | M98: Awaiting Trigger
A99: =CONCATENATE("A",TEXT(B99, "0000"),"__",C99) -> A0000__Admin-Reset_HeldActiveInvalidEmailMarketingCloud | C99: Admin-Reset_HeldActiveInvalidEmailMarketingCloud | H99: Resets held subscribers to active status by excluding invalid emails, exporting update records, and re-importing to All Subscribers; overwrites and updates suppression data on each run. | I99: 45082.281 | M99: Scheduled
A100: =CONCATENATE("A",TEXT(B100, "0000"),"__",C100) -> A0000__CampaignMember-General | C100: CampaignMember-General | H100: N/A | M100: Awaiting Trigger
A101: =CONCATENATE("A",TEXT(B101, "0000"),"__",C101) -> A0000__Repoting-TrueInfluenceActivity_UpdateMasterDE | C101: Repoting-TrueInfluenceActivity_UpdateMasterDE | H101: N/A | M101: Awaiting Trigger
A102: =CONCATENATE("A",TEXT(B102, "0000"),"__",C102) -> A0000__Reporting-GoogleFormSubmit_UpdateMasterDE | C102: Reporting-GoogleFormSubmit_UpdateMasterDE | H102: N/A | M102: Awaiting Trigger
A103: =CONCATENATE("A",TEXT(B103, "0000"),"__",C103) -> A0000__Reporting-EloquaOrganic_UpdateMasterDE | C103: Reporting-EloquaOrganic_UpdateMasterDE | H103: N/A | M103: Awaiting Trigger
A104: =CONCATENATE("A",TEXT(B104, "0000"),"__",C104) -> A0000__Reporting-DemandWorks_UpdateMasterDE | C104: Reporting-DemandWorks_UpdateMasterDE | H104: N/A | M104: Awaiting Trigger
A105: =CONCATENATE("A",TEXT(B105, "0000"),"__",C105) -> A0000__Reporting-MeritB2B_UpdateMasterDE | C105: Reporting-MeritB2B_UpdateMasterDE | H105: N/A | M105: Awaiting Trigger
A106: =CONCATENATE("A",TEXT(B106, "0000"),"__",C106) -> A0000__Reporting-GoogleAds_UpdateMasterDE | C106: Reporting-GoogleAds_UpdateMasterDE | H106: N/A | M106: Awaiting Trigger
A107: =CONCATENATE("A",TEXT(B107, "0000"),"__",C107) -> A0000__Admin-ContactsWithoutChannelAddresses | C107: Admin-ContactsWithoutChannelAddresses | H107: Extracts contacts without channel addresses using built-in data extract to identify records missing contactable channels; generates file output on each run. | I107: 44784.332 | M107: Scheduled
A108: =CONCATENATE("A",TEXT(B108, "0000"),"__",C108) -> A0000__Segmentation-Untapped-Potential | C108: Segmentation-Untapped-Potential | H108: N/A | I108: 45741.493 | M108: Scheduled
A109: =CONCATENATE("A",TEXT(B109, "0000"),"__",C109) -> A0000__Reporting-NAHRES_UpdateMasterDE | C109: Reporting-NAHRES_UpdateMasterDE | H109: N/A | M109: Awaiting Trigger
A110: =CONCATENATE("A",TEXT(B110, "0000"),"__",C110) -> A0000__Reporting-ZoomInfo_UpdateMasterDE | C110: Reporting-ZoomInfo_UpdateMasterDE | H110: N/A | M110: Awaiting Trigger
A111: =CONCATENATE("A",TEXT(B111, "0000"),"__",C111) -> A0000__Admin-DataView_General | C111: Admin-DataView_General | H111: N/A | I111: 44858.627 | M111: Scheduled
A112: =CONCATENATE("A",TEXT(B112, "0000"),"__",C112) -> A0000__Admin-DEArchive | C112: Admin-DEArchive | H112: Archives Salesforce contact, lead, and account records into a unified dataset and generates daily record counts for tracking; updates archive and count data extensions on each run. | I112: 45783.426 | M112: Scheduled
A113: =CONCATENATE("A",TEXT(B113, "0000"),"__",C113) -> A0000__Reporting-SmartBrief_UpdateMasterDE | C113: Reporting-SmartBrief_UpdateMasterDE | H113: N/A | M113: Awaiting Trigger
A114: =CONCATENATE("A",TEXT(B114, "0000"),"__",C114) -> A0000__LinkedIn-FilterDEs | C114: LinkedIn-FilterDEs | H114: Segments LinkedIn and form submission data into campaign-specific audiences based on preference and form criteria; overwrites and updates target data extensions on each run. | I114: 44869.4 | M114: Scheduled
A115: =CONCATENATE("A",TEXT(B115, "0000"),"__",C115) -> A0000__Reporting-Facebook-FormSubmit | C115: Reporting-Facebook-FormSubmit | H115: N/A | M115: Awaiting Trigger
A116: =CONCATENATE("A",TEXT(B116, "0000"),"__",C116) -> A0000__Admin-MetaDataCopy | C116: Admin-MetaDataCopy | H116: N/A | I116: 45882.964 | M116: Running
A117: =CONCATENATE("A",TEXT(B117, "0000"),"__",C117) -> A0000__CentralizedFormProcessor-Update-MasterDE | C117: CentralizedFormProcessor-Update-MasterDE | H117: Updates centralized form processor data by staging latest records and inserting new entries into the master dataset; updates staging and master data extensions on each run. | I117: 44784.779 | M117: Scheduled
A118: =CONCATENATE("A",TEXT(B118, "0000"),"__",C118) -> A0000__EmailActivity-ExtractMCFTP | C118: EmailActivity-ExtractMCFTP | H118: Extracts recent email activity data, exports records to a file, and transfers output to SFTP for external reporting; overwrites staging data extension on each run. | I118: 45524.961 | M118: Scheduled
A119: =CONCATENATE("A",TEXT(B119, "0000"),"__",C119) -> A0000__Admin-EmailEngagedActivities_Cleanup | C119: Admin-EmailEngagedActivities_Cleanup | H119: N/A | I119: 45987.814 | M119: Scheduled
A120: =CONCATENATE("A",TEXT(B120, "0000"),"__",C120) -> A0000__Admin-NonEmailEngagedActivities_Cleanup | C120: Admin-NonEmailEngagedActivities_Cleanup | H120: N/A | I120: 45987.803 | M120: Scheduled
A121: =CONCATENATE("A",TEXT(B121, "0000"),"__",C121) -> A0000__Admin-NonEmailEngagedActivities-ArchivedCampaignValidateV1 | C121: Admin-NonEmailEngagedActivities-ArchivedCampaignValidateV1 | H121: Validates archived non-email engagement records against Cvent campaign mapping, identifies mismatches, and removes invalid records; overwrites validation and updates source data extensions on each run | I121: 45390.23 | M121: Scheduled
A122: =CONCATENATE("A",TEXT(B122, "0000"),"__",C122) -> A0000__Admin-DEV-DataViewsDaily | C122: Admin-DEV-DataViewsDaily | H122: Extracts daily email activity and bounce data from system views, maps to Salesforce contacts, and prepares DEV datasets for CRMA use and PK activity processing. | I122: 45981.517 | M122: Scheduled
A123: =CONCATENATE("A",TEXT(B123, "0000"),"__",C123) -> A0000__Reporting-ConsumerGoodsTechnology-CGT-UpdateMasterDE | C123: Reporting-ConsumerGoodsTechnology-CGT-UpdateMasterDE | H123: N/A | M123: Awaiting Trigger
A124: =CONCATENATE("A",TEXT(B124, "0000"),"__",C124) -> A0000__Segmentation-Segmentation-TaxNewsFlash-Africa | C124: Segmentation-Segmentation-TaxNewsFlash-Africa | H124: N/A | I124: 44658.464 | M124: Scheduled
A125: =CONCATENATE("A",TEXT(B125, "0000"),"__",C125) -> A0000__Segmentation-Segmentation-TaxNewsFlash-AltInvTaxMattersPEHF | C125: Segmentation-Segmentation-TaxNewsFlash-AltInvTaxMattersPEHF | H125: N/A | I125: 44994.408 | M125: Scheduled
A126: =CONCATENATE("A",TEXT(B126, "0000"),"__",C126) -> A0000__Segmentation-Segmentation-TaxNewsFlash-Americas | C126: Segmentation-Segmentation-TaxNewsFlash-Americas | H126: N/A | I126: 44658.481 | M126: Scheduled
A127: =CONCATENATE("A",TEXT(B127, "0000"),"__",C127) -> A0000__Segmentation-Segmentation-TaxNewsFlash-AsiaPacific | C127: Segmentation-Segmentation-TaxNewsFlash-AsiaPacific | H127: N/A | I127: 44658.501 | M127: Scheduled
A128: =CONCATENATE("A",TEXT(B128, "0000"),"__",C128) -> A0000__Segmentation-Segmentation-TaxNewsFlash-BEPS | C128: Segmentation-Segmentation-TaxNewsFlash-BEPS | H128: N/A | I128: 44658.529 | M128: Scheduled
A129: =CONCATENATE("A",TEXT(B129, "0000"),"__",C129) -> A0000__Segmentation-Segmentation-TaxNewsFlash-BEPSTransferPricingCombined | C129: Segmentation-Segmentation-TaxNewsFlash-BEPSTransferPricingCombined | H129: N/A | I129: 44658.542 | M129: Scheduled
A130: =CONCATENATE("A",TEXT(B130, "0000"),"__",C130) -> A0000__Segmentation-Segmentation-TaxNewsFlash-Cooperatives | C130: Segmentation-Segmentation-TaxNewsFlash-Cooperatives | H130: N/A | I130: 44658.534 | M130: Scheduled
A131: =CONCATENATE("A",TEXT(B131, "0000"),"__",C131) -> A0000__Segmentation-Segmentation-TaxNewsFlash-DigitalEconomy | C131: Segmentation-Segmentation-TaxNewsFlash-DigitalEconomy | H131: N/A | I131: 44658.532 | M131: Scheduled
A132: =CONCATENATE("A",TEXT(B132, "0000"),"__",C132) -> A0000__Segmentation-Segmentation-TaxNewsFlash-DigitalizedEconomyIndirectTaxCombined | C132: Segmentation-Segmentation-TaxNewsFlash-DigitalizedEconomyIndirectTaxCombined | H132: N/A | I132: 44663.159 | M132: Scheduled
A133: =CONCATENATE("A",TEXT(B133, "0000"),"__",C133) -> A0000__Segmentation-Segmentation-TaxNewsFlash-Europe | C133: Segmentation-Segmentation-TaxNewsFlash-Europe | H133: N/A | I133: 44658.538 | M133: Scheduled
...

Sheet AutoREF
A1: FIELD NAME | B1: DESCRIPTION | C1: LOCATION
A2: AutomationTitle | B2: DO NOT UPDATE
A3: AutoID | B3: DO NOT UPDATE
A4: Automation Name | B4: AutomationName | C4: Automation Home
A5: LastChecked | B5: Today's Date
A6: BU | B6: Business Unit - PROD, DEV, etc
A7: A_Location | B7: Folder location in SFMC | C7: Automation Summary Tab
A8: A_Key | C8: Automation Summary Tab
A9: A_Desc | B9: Type of Filetype inside of SFMC | C9: Automation Summary Tab
A10: A_CreatedDate | B10: AssetID (5 digit #) | C10: Automation Summary Tab
A11: A_LastSavedDate | B11: Published/Unpublished | C11: Automation Summary Tab
A12: A_LastPausedDate | B12: Created Date | C12: Automation Summary Tab
A13: A_Status | C13: Automation Workflow Tab
A14: A_StartingSource | B14: Schedule / Import / Trigger | C14: Automation Workflow Tab
A15: A_ScheduleInfo | C15: Automation Workflow Tab
A16: A_FileLocation | C16: Automation Workflow Tab
A17: A_TriggerInfo | C17: Automation Workflow Tab
A18: A_StepCount | C18: Automation Workflow Tab
A19: A_ErrorRate | C19: Automation Activity Tab
A20: A_ErrorNotificationEmails | C20: Automation Activity Tab
A21: A_HasErrorMonitor | B21: Does the email list contain a Monitoring Distribution Email Address | C21: Automation Activity Tab
A22: A_AvgRunTime | C22: Automation Activity Tab
A23: A_Campaign | C23: Automation Home
A24: A_NextRun | C24: Automation Home
A25: A_LastRunStatus | C25: Automation Home
A26: A_LastRun | C26: Automation Home
A27: A_LastModified | C27: Automation Home

Sheet MAP_DE_ACT_SQL
A1: MapDEID | B1: ActType | C1: ActStep | D1: ActivityName | E1: DEName | F1: Q_LN | G1: Type | H1: MainActionType | I1: CodeSyntax | J1: ActionCode | K1: DEPurpose | L1: JoinTo | M1: JoinOn_S | N1: JoinOn_J
A2: =CONCATENATE($C2,"_Ln",TEXT($F2,"000"),"_",$G2,"__",$E2) -> Flip_Unsubscribe_To_Active_For_Lead_Ln000_DE__Flip_All_Subscriber_Unsubscribe_to_Active | B2: =VLOOKUP($D2,Activities!$D:$G,3,FALSE) -> SQL | C2: =VLOOKUP($D2,Activities!$D:$G,2,FALSE) -> Flip_Unsubscribe_To_Active_For_Lead | D2: 1.1__Flip_Unsubscribe_To_Active_For_Lead__SQL | E2: Flip_All_Subscriber_Unsubscribe_to_Active | F2: 0 | G2: DE | H2: TargetDE | I2: SQL | J2: Overwrite | K2: TargetDE
A3: =CONCATENATE($C3,"_Ln",TEXT($F3,"000"),"_",$G3,"__",$E3) -> Flip_Unsubscribe_To_Active_For_Lead_Ln012_SDE__KPMG_Individual_Firm_Details__c_Salesforce_3 | B3: =VLOOKUP($D3,Activities!$D:$G,3,FALSE) -> SQL | C3: =VLOOKUP($D3,Activities!$D:$G,2,FALSE) -> Flip_Unsubscribe_To_Active_For_Lead | D3: 1.1__Flip_Unsubscribe_To_Active_For_Lead__SQL | E3: KPMG_Individual_Firm_Details__c_Salesforce_3 | F3: 12 | G3: SDE | H3: Source | I3: SQL | J3: FROM | K3: PrimarySource
A4: =CONCATENATE($C4,"_Ln",TEXT($F4,"000"),"_",$G4,"__",$E4) -> Flip_Unsubscribe_To_Active_For_Lead_Ln014_SDE__ContactPointEmail_Salesforce_5 | B4: =VLOOKUP($D4,Activities!$D:$G,3,FALSE) -> SQL | C4: =VLOOKUP($D4,Activities!$D:$G,2,FALSE) -> Flip_Unsubscribe_To_Active_For_Lead | D4: 1.1__Flip_Unsubscribe_To_Active_For_Lead__SQL | E4: ContactPointEmail_Salesforce_5 | F4: 14 | G4: SDE | H4: Join | I4: SQL | J4: JOIN | K4: Join | L4: KPMG_Individual_Firm_Details__c_Salesforce_3 | M4: KPMG_LeadId__c | N4: KPMG_Lead_Contact_Id__c
A5: =CONCATENATE($C5,"_Ln",TEXT($F5,"000"),"_",$G5,"__",$E5) -> Flip_Unsubscribe_To_Active_For_Lead_Ln017_DV___Subscribers | B5: =VLOOKUP($D5,Activities!$D:$G,3,FALSE) -> SQL | C5: =VLOOKUP($D5,Activities!$D:$G,2,FALSE) -> Flip_Unsubscribe_To_Active_For_Lead | D5: 1.1__Flip_Unsubscribe_To_Active_For_Lead__SQL | E5: _Subscribers | F5: 17 | G5: DV | H5: Join | I5: SQL | J5: JOIN | K5: Join | L5: KPMG_Individual_Firm_Details__c_Salesforce_3 | M5: EmailAddress | N5: EmailAddress
A6: =CONCATENATE($C6,"_Ln",TEXT($F6,"000"),"_",$G6,"__",$E6) -> Flip_Unsubscribe_To_Active_For_Contact_Ln000_DE__Flip_All_Subscriber_Unsubscribe_to_Active | B6: =VLOOKUP($D6,Activities!$D:$G,3,FALSE) -> SQL | C6: =VLOOKUP($D6,Activities!$D:$G,2,FALSE) -> Flip_Unsubscribe_To_Active_For_Contact | D6: 2.1__Flip_Unsubscribe_To_Active_For_Contact__SQL | E6: Flip_All_Subscriber_Unsubscribe_to_Active | F6: 0 | G6: DE | H6: TargetDE | I6: SQL | J6: Update | K6: TargetDE
A7: =CONCATENATE($C7,"_Ln",TEXT($F7,"000"),"_",$G7,"__",$E7) -> Flip_Unsubscribe_To_Active_For_Contact_Ln012_SDE__KPMG_Individual_Firm_Details__c_Salesforce_3 | B7: =VLOOKUP($D7,Activities!$D:$G,3,FALSE) -> SQL | C7: =VLOOKUP($D7,Activities!$D:$G,2,FALSE) -> Flip_Unsubscribe_To_Active_For_Contact | D7: 2.1__Flip_Unsubscribe_To_Active_For_Contact__SQL | E7: KPMG_Individual_Firm_Details__c_Salesforce_3 | F7: 12 | G7: SDE | H7: Source | I7: SQL | J7: FROM | K7: PrimarySource
A8: =CONCATENATE($C8,"_Ln",TEXT($F8,"000"),"_",$G8,"__",$E8) -> Flip_Unsubscribe_To_Active_For_Contact_Ln014_SDE__ContactPointEmail_Salesforce_5 | B8: =VLOOKUP($D8,Activities!$D:$G,3,FALSE) -> SQL | C8: =VLOOKUP($D8,Activities!$D:$G,2,FALSE) -> Flip_Unsubscribe_To_Active_For_Contact | D8: 2.1__Flip_Unsubscribe_To_Active_For_Contact__SQL | E8: ContactPointEmail_Salesforce_5 | F8: 14 | G8: SDE | H8: Join | I8: SQL | J8: JOIN | K8: Join | L8: KPMG_Individual_Firm_Details__c_Salesforce_3 | M8: KPMG_ContactId__c | N8: KPMG_Lead_Contact_Id__c
A9: =CONCATENATE($C9,"_Ln",TEXT($F9,"000"),"_",$G9,"__",$E9) -> Flip_Unsubscribe_To_Active_For_Contact_Ln017_DV___Subscribers | B9: =VLOOKUP($D9,Activities!$D:$G,3,FALSE) -> SQL | C9: =VLOOKUP($D9,Activities!$D:$G,2,FALSE) -> Flip_Unsubscribe_To_Active_For_Contact | D9: 2.1__Flip_Unsubscribe_To_Active_For_Contact__SQL | E9: _Subscribers | F9: 17 | G9: DV | H9: Join | I9: SQL | J9: JOIN | K9: Join | L9: KPMG_Individual_Firm_Details__c_Salesforce_3 | M9: EmailAddress | N9: EmailAddress
A10: =CONCATENATE($C10,"_Ln",TEXT($F10,"000"),"_",$G10,"__",$E10) -> Final_Flip_All_Subscribers_To_Unsubscribe_To_Active_Ln000_DE__Final_Flip_All_Subscriber_Unsubscribe_To_Active | B10: =VLOOKUP($D10,Activities!$D:$G,3,FALSE) -> SQL | C10: =VLOOKUP($D10,Activities!$D:$G,2,FALSE) -> Final_Flip_All_Subscribers_To_Unsubscribe_To_Active | D10: 4.1__Final_Flip_All_Subscribers_To_Unsubscribe_To_Active__SQL | E10: Final_Flip_All_Subscriber_Unsubscribe_To_Active | F10: 0 | G10: DE | H10: TargetDE | I10: SQL | J10: Overwrite | K10: TargetDE
A11: =CONCATENATE($C11,"_Ln",TEXT($F11,"000"),"_",$G11,"__",$E11) -> Final_Flip_All_Subscribers_To_Unsubscribe_To_Active_Ln003_DE__Flip_All_Subscriber_Unsubscribe_to_Active | B11: =VLOOKUP($D11,Activities!$D:$G,3,FALSE) -> SQL | C11: =VLOOKUP($D11,Activities!$D:$G,2,FALSE) -> Final_Flip_All_Subscribers_To_Unsubscribe_To_Active | D11: 4.1__Final_Flip_All_Subscribers_To_Unsubscribe_To_Active__SQL | E11: Flip_All_Subscriber_Unsubscribe_to_Active | F11: 3 | G11: DE | H11: Source | I11: sQL | J11: FROM | K11: PrimarySource
A12: =CONCATENATE($C12,"_Ln",TEXT($F12,"000"),"_",$G12,"__",$E12) -> Optin_from_Unsubscribe_From_All_Preferences_Ln000_DE__Remove_Optin_Records_From_UnsubscribeFromAllPreferences | B12: =VLOOKUP($D12,Activities!$D:$G,3,FALSE) -> SQL | C12: =VLOOKUP($D12,Activities!$D:$G,2,FALSE) -> Optin_from_Unsubscribe_From_All_Preferences | D12: 8.1__ Optin_from_Unsubscribe_From_All_Preferences__SQL | E12: Remove_Optin_Records_From_UnsubscribeFromAllPreferences | F12: 0 | G12: DE | H12: TargetDE | I12: SQL | J12: Overwrite | K12: TargetDE
A13: =CONCATENATE($C13,"_Ln",TEXT($F13,"000"),"_",$G13,"__",$E13) -> Optin_from_Unsubscribe_From_All_Preferences_Ln015_DE__Flip_All_Subscriber_Unsubscribe_to_Active | B13: =VLOOKUP($D13,Activities!$D:$G,3,FALSE) -> SQL | C13: =VLOOKUP($D13,Activities!$D:$G,2,FALSE) -> Optin_from_Unsubscribe_From_All_Preferences | D13: 8.1__ Optin_from_Unsubscribe_From_All_Preferences__SQL | E13: Flip_All_Subscriber_Unsubscribe_to_Active | F13: 15 | G13: DE | H13: Source | I13: SQL | J13: FROM | K13: PrimarySource
A14: =CONCATENATE($C14,"_Ln",TEXT($F14,"000"),"_",$G14,"__",$E14) -> Optin_from_Unsubscribe_From_All_Preferences_Ln017_DE__Unsubscribe_From_All_Preferences | B14: =VLOOKUP($D14,Activities!$D:$G,3,FALSE) -> SQL | C14: =VLOOKUP($D14,Activities!$D:$G,2,FALSE) -> Optin_from_Unsubscribe_From_All_Preferences | D14: 8.1__ Optin_from_Unsubscribe_From_All_Preferences__SQL | E14: Unsubscribe_From_All_Preferences | F14: 17 | G14: DE | H14: Join | I14: SQL | J14: JOIN | K14: Join | L14: Flip_All_Subscriber_Unsubscribe_to_Active | M14: EmailAddress | N14: EmailAddress
A15: =CONCATENATE($C15,"_Ln",TEXT($F15,"000"),"_",$G15,"__",$E15) -> Remaining_OptIn_Records_From_Unsubscribe_Ln000_DE__Remaining_Optin_Records_From_UnsubscribeFromAllPreferences | B15: =VLOOKUP($D15,Activities!$D:$G,3,FALSE) -> SQL | C15: =VLOOKUP($D15,Activities!$D:$G,2,FALSE) -> Remaining_OptIn_Records_From_Unsubscribe | D15: 10.1__Remaining_OptIn_Records_From_Unsubscribe__SQL | E15: Remaining_Optin_Records_From_UnsubscribeFromAllPreferences | F15: 0 | G15: DE | H15: TargetDE | I15: SQL | J15: Overwrite | K15: TargetDE
A16: =CONCATENATE($C16,"_Ln",TEXT($F16,"000"),"_",$G16,"__",$E16) -> Remaining_OptIn_Records_From_Unsubscribe_Ln006_DE__Remove_Optin_Records_From_UnsubscribeFromAllPreferences | B16: =VLOOKUP($D16,Activities!$D:$G,3,FALSE) -> SQL | C16: =VLOOKUP($D16,Activities!$D:$G,2,FALSE) -> Remaining_OptIn_Records_From_Unsubscribe | D16: 10.1__Remaining_OptIn_Records_From_Unsubscribe__SQL | E16: Remove_Optin_Records_From_UnsubscribeFromAllPreferences | F16: 6 | G16: DE | H16: Source | I16: SQL | J16: FROM | K16: PrimarySource
A17: =CONCATENATE($C17,"_Ln",TEXT($F17,"000"),"_",$G17,"__",$E17) -> Add_Sales_Cloud_Active_To_Audit_Preferences_For_Leads_Ln000_DE__Audit_Preferences | B17: =VLOOKUP($D17,Activities!$D:$G,3,FALSE) -> SQL | C17: =VLOOKUP($D17,Activities!$D:$G,2,FALSE) -> Add_Sales_Cloud_Active_To_Audit_Preferences_For_Leads | D17: 11.1__Add_Sales_Cloud_Active_To_Audit_Preferences_For_Leads__SQL | E17: Audit_Preferences | F17: 0 | G17: DE | H17: TargetDE | I17: SQL | J17: Append | K17: TargetDE
A18: =CONCATENATE($C18,"_Ln",TEXT($F18,"000"),"_",$G18,"__",$E18) -> Add_Sales_Cloud_Active_To_Audit_Preferences_For_Leads_Ln025_DE__Flip_All_Subscriber_Unsubscribe_to_Active | B18: =VLOOKUP($D18,Activities!$D:$G,3,FALSE) -> SQL | C18: =VLOOKUP($D18,Activities!$D:$G,2,FALSE) -> Add_Sales_Cloud_Active_To_Audit_Preferences_For_Leads | D18: 11.1__Add_Sales_Cloud_Active_To_Audit_Preferences_For_Leads__SQL | E18: Flip_All_Subscriber_Unsubscribe_to_Active | F18: 25 | G18: DE | H18: Source | I18: SQL | J18: FROM | K18: PrimarySource
A19: =CONCATENATE($C19,"_Ln",TEXT($F19,"000"),"_",$G19,"__",$E19) -> Add_Sales_Cloud_Active_To_Audit_Preferences_For_Leads_Ln027_SDE__KPMG_Individual_Firm_Details__c_Salesforce_3 | B19: =VLOOKUP($D19,Activities!$D:$G,3,FALSE) -> SQL | C19: =VLOOKUP($D19,Activities!$D:$G,2,FALSE) -> Add_Sales_Cloud_Active_To_Audit_Preferences_For_Leads | D19: 11.1__Add_Sales_Cloud_Active_To_Audit_Preferences_For_Leads__SQL | E19: KPMG_Individual_Firm_Details__c_Salesforce_3 | F19: 27 | G19: SDE | H19: Join | I19: SQL | J19: LEFT JOIN | K19: Join | L19: Flip_All_Subscriber_Unsubscribe_to_Active | M19: SalesforceID | N19: KPMG_LeadId__c
A20: =CONCATENATE($C20,"_Ln",TEXT($F20,"000"),"_",$G20,"__",$E20) -> Add_Sales_Cloud_Active_To_Audit_Preferences_For_Leads_Ln030_SDE__Lead_Salesforce_5 | B20: =VLOOKUP($D20,Activities!$D:$G,3,FALSE) -> SQL | C20: =VLOOKUP($D20,Activities!$D:$G,2,FALSE) -> Add_Sales_Cloud_Active_To_Audit_Preferences_For_Leads | D20: 11.1__Add_Sales_Cloud_Active_To_Audit_Preferences_For_Leads__SQL | E20: Lead_Salesforce_5 | F20: 30 | G20: SDE | H20: Join | I20: SQL | J20: LEFT JOIN | K20: Join | L20: KPMG_Individual_Firm_Details__c_Salesforce_3 | M20: KPMG_LeadId__c | N20: Id
A21: =CONCATENATE($C21,"_Ln",TEXT($F21,"000"),"_",$G21,"__",$E21) -> Add_Sales_Cloud_Active_To_Audit_Preferences_For_Contacts_Ln000_DE__Audit_Preferences | B21: =VLOOKUP($D21,Activities!$D:$G,3,FALSE) -> SQL | C21: =VLOOKUP($D21,Activities!$D:$G,2,FALSE) -> Add_Sales_Cloud_Active_To_Audit_Preferences_For_Contacts | D21: 12.1__Add_Sales_Cloud_Active_To_Audit_Preferences_For_Contacts__SQL | E21: Audit_Preferences | F21: 0 | G21: DE | H21: TargetDE | I21: SQL | J21: Append | K21: TargetDE
A22: =CONCATENATE($C22,"_Ln",TEXT($F22,"000"),"_",$G22,"__",$E22) -> Add_Sales_Cloud_Active_To_Audit_Preferences_For_Contacts_Ln025_DE__Flip_All_Subscriber_Unsubscribe_to_Active | B22: =VLOOKUP($D22,Activities!$D:$G,3,FALSE) -> SQL | C22: =VLOOKUP($D22,Activities!$D:$G,2,FALSE) -> Add_Sales_Cloud_Active_To_Audit_Preferences_For_Contacts | D22: 12.1__Add_Sales_Cloud_Active_To_Audit_Preferences_For_Contacts__SQL | E22: Flip_All_Subscriber_Unsubscribe_to_Active | F22: 25 | G22: DE | H22: Source | I22: SQL | J22: FROM | K22: PrimarySource
A23: =CONCATENATE($C23,"_Ln",TEXT($F23,"000"),"_",$G23,"__",$E23) -> Add_Sales_Cloud_Active_To_Audit_Preferences_For_Contacts_Ln027_SDE__KPMG_Individual_Firm_Details__c_Salesforce_3 | B23: =VLOOKUP($D23,Activities!$D:$G,3,FALSE) -> SQL | C23: =VLOOKUP($D23,Activities!$D:$G,2,FALSE) -> Add_Sales_Cloud_Active_To_Audit_Preferences_For_Contacts | D23: 12.1__Add_Sales_Cloud_Active_To_Audit_Preferences_For_Contacts__SQL | E23: KPMG_Individual_Firm_Details__c_Salesforce_3 | F23: 27 | G23: SDE | H23: Join | I23: SQL | J23: JOIN | K23: Join | L23: Flip_All_Subscriber_Unsubscribe_to_Active | M23: SalesforceID | N23: KPMG_ContactId__c
A24: =CONCATENATE($C24,"_Ln",TEXT($F24,"000"),"_",$G24,"__",$E24) -> Add_Sales_Cloud_Active_To_Audit_Preferences_For_Contacts_Ln030_SDE__Contact_Salesforce_5 | B24: =VLOOKUP($D24,Activities!$D:$G,3,FALSE) -> SQL | C24: =VLOOKUP($D24,Activities!$D:$G,2,FALSE) -> Add_Sales_Cloud_Active_To_Audit_Preferences_For_Contacts | D24: 12.1__Add_Sales_Cloud_Active_To_Audit_Preferences_For_Contacts__SQL | E24: Contact_Salesforce_5 | F24: 30 | G24: SDE | H24: Join | I24: SQL | J24: JOIN | K24: Join | L24: KPMG_Individual_Firm_Details__c_Salesforce_3 | M24: KPMG_ContactId__c | N24: Id
A25: =CONCATENATE($C25,"_Ln",TEXT($F25,"000"),"_",$G25,"__",$E25) -> Add_Sales_Cloud_Active_To_Record_Keeper_Ln000_DE__ConsentUpdates_Recordkeeper | B25: =VLOOKUP($D25,Activities!$D:$G,3,FALSE) -> SQL | C25: =VLOOKUP($D25,Activities!$D:$G,2,FALSE) -> Add_Sales_Cloud_Active_To_Record_Keeper | D25: 13.1__Add_Sales_Cloud_Active_To_Record_Keeper__SQL | E25: ConsentUpdates_Recordkeeper | F25: 0 | G25: DE | H25: TargetDE | I25: SQL | J25: Append | K25: TargetDE
A26: =CONCATENATE($C26,"_Ln",TEXT($F26,"000"),"_",$G26,"__",$E26) -> Add_Sales_Cloud_Active_To_Record_Keeper_Ln014_DE__Flip_All_Subscriber_Unsubscribe_to_Active | B26: =VLOOKUP($D26,Activities!$D:$G,3,FALSE) -> SQL | C26: =VLOOKUP($D26,Activities!$D:$G,2,FALSE) -> Add_Sales_Cloud_Active_To_Record_Keeper | D26: 13.1__Add_Sales_Cloud_Active_To_Record_Keeper__SQL | E26: Flip_All_Subscriber_Unsubscribe_to_Active | F26: 14 | G26: DE | H26: Source | I26: SQL | J26: FROM | K26: PrimarySource
A27: =CONCATENATE($C27,"_Ln",TEXT($F27,"000"),"_",$G27,"__",$E27) -> Add_Sales_Cloud_Active_To_Record_Keeper_Ln016_SDE__Lead_Salesforce_5 | B27: =VLOOKUP($D27,Activities!$D:$G,3,FALSE) -> SQL | C27: =VLOOKUP($D27,Activities!$D:$G,2,FALSE) -> Add_Sales_Cloud_Active_To_Record_Keeper | D27: 13.1__Add_Sales_Cloud_Active_To_Record_Keeper__SQL | E27: Lead_Salesforce_5 | F27: 16 | G27: SDE | H27: Join | I27: SQL | J27: LEFT JOIN | K27: Join | L27: Flip_All_Subscriber_Unsubscribe_to_Active | M27: SalesforceID | N27: Id
A28: =CONCATENATE($C28,"_Ln",TEXT($F28,"000"),"_",$G28,"__",$E28) -> Add_Sales_Cloud_Active_To_Record_Keeper_Ln019_SDE__Contact_Salesforce_5 | B28: =VLOOKUP($D28,Activities!$D:$G,3,FALSE) -> SQL | C28: =VLOOKUP($D28,Activities!$D:$G,2,FALSE) -> Add_Sales_Cloud_Active_To_Record_Keeper | D28: 13.1__Add_Sales_Cloud_Active_To_Record_Keeper__SQL | E28: Contact_Salesforce_5 | F28: 19 | G28: SDE | H28: Join | I28: SQL | J28: LEFT JOIN | K28: Join | L28: Flip_All_Subscriber_Unsubscribe_to_Active | M28: SalesforceID | N28: Id
A29: =CONCATENATE($C29,"_Ln",TEXT($F29,"000"),"_",$G29,"__",$E29) -> Flip_Active_To_Unsubscribe_For_Lead_Ln000_DE__Preferences-Update_Unsubscribed_in_AllSubscribers | B29: =VLOOKUP($D29,Activities!$D:$G,3,FALSE) -> SQL | C29: =VLOOKUP($D29,Activities!$D:$G,2,FALSE) -> Flip_Active_To_Unsubscribe_For_Lead | D29: 15.1__Flip_Active_To_Unsubscribe_For_Lead__SQL | E29: Preferences-Update_Unsubscribed_in_AllSubscribers | F29: 0 | G29: DE | H29: TargetDE | I29: SQL | J29: Overwrite | K29: TargetDE
A30: =CONCATENATE($C30,"_Ln",TEXT($F30,"000"),"_",$G30,"__",$E30) -> Flip_Active_To_Unsubscribe_For_Lead_Ln008_SDE__KPMG_Individual_Firm_Details__c_Salesforce_3 | B30: =VLOOKUP($D30,Activities!$D:$G,3,FALSE) -> SQL | C30: =VLOOKUP($D30,Activities!$D:$G,2,FALSE) -> Flip_Active_To_Unsubscribe_For_Lead | D30: 15.1__Flip_Active_To_Unsubscribe_For_Lead__SQL | E30: KPMG_Individual_Firm_Details__c_Salesforce_3 | F30: 8 | G30: SDE | H30: Source | I30: SQL | J30: FROM | K30: PrimarySource
A31: =CONCATENATE($C31,"_Ln",TEXT($F31,"000"),"_",$G31,"__",$E31) -> Flip_Active_To_Unsubscribe_For_Lead_Ln010_SDE__ContactPointEmail_Salesforce_5 | B31: =VLOOKUP($D31,Activities!$D:$G,3,FALSE) -> SQL | C31: =VLOOKUP($D31,Activities!$D:$G,2,FALSE) -> Flip_Active_To_Unsubscribe_For_Lead | D31: 15.1__Flip_Active_To_Unsubscribe_For_Lead__SQL | E31: ContactPointEmail_Salesforce_5 | F31: 10 | G31: SDE | H31: Join | I31: SQL | J31: JOIN | K31: Join | L31: KPMG_Individual_Firm_Details__c_Salesforce_3 | M31: KPMG_LeadId__c | N31: KPMG_Lead_Contact_Id__c
A32: =CONCATENATE($C32,"_Ln",TEXT($F32,"000"),"_",$G32,"__",$E32) -> Flip_Active_To_Unsubscribe_For_Lead_Ln013_DV___Subscribers | B32: =VLOOKUP($D32,Activities!$D:$G,3,FALSE) -> SQL | C32: =VLOOKUP($D32,Activities!$D:$G,2,FALSE) -> Flip_Active_To_Unsubscribe_For_Lead | D32: 15.1__Flip_Active_To_Unsubscribe_For_Lead__SQL | E32: _Subscribers | F32: 13 | G32: DV | H32: Join | I32: SQL | J32: JOIN | K32: Join | L32: ContactPointEmail_Salesforce_5 | M32: EmailAddress | N32: EmailAddress
A33: =CONCATENATE($C33,"_Ln",TEXT($F33,"000"),"_",$G33,"__",$E33) -> Flip_Active_To_Unsubscribe_For_Contact_Ln000_DE__Preferences-Update_Unsubscribed_in_AllSubscribers | B33: =VLOOKUP($D33,Activities!$D:$G,3,FALSE) -> SQL | C33: =VLOOKUP($D33,Activities!$D:$G,2,FALSE) -> Flip_Active_To_Unsubscribe_For_Contact | D33: 16.1__Flip_Active_To_Unsubscribe_For_Contact__SQL | E33: Preferences-Update_Unsubscribed_in_AllSubscribers | F33: 0 | G33: DE | H33: TargetDE | I33: SQL | J33: Update | K33: TargetDE
A34: =CONCATENATE($C34,"_Ln",TEXT($F34,"000"),"_",$G34,"__",$E34) -> Flip_Active_To_Unsubscribe_For_Contact_Ln008_SDE__KPMG_Individual_Firm_Details__c_Salesforce_3 | B34: =VLOOKUP($D34,Activities!$D:$G,3,FALSE) -> SQL | C34: =VLOOKUP($D34,Activities!$D:$G,2,FALSE) -> Flip_Active_To_Unsubscribe_For_Contact | D34: 16.1__Flip_Active_To_Unsubscribe_For_Contact__SQL | E34: KPMG_Individual_Firm_Details__c_Salesforce_3 | F34: 8 | G34: SDE | H34: Source | I34: SQL | J34: FROM | K34: PrimarySource
A35: =CONCATENATE($C35,"_Ln",TEXT($F35,"000"),"_",$G35,"__",$E35) -> Flip_Active_To_Unsubscribe_For_Contact_Ln010_SDE__ContactPointEmail_Salesforce_5 | B35: =VLOOKUP($D35,Activities!$D:$G,3,FALSE) -> SQL | C35: =VLOOKUP($D35,Activities!$D:$G,2,FALSE) -> Flip_Active_To_Unsubscribe_For_Contact | D35: 16.1__Flip_Active_To_Unsubscribe_For_Contact__SQL | E35: ContactPointEmail_Salesforce_5 | F35: 10 | G35: SDE | H35: Join | I35: SQL | J35: JOIN | K35: Join | L35: KPMG_Individual_Firm_Details__c_Salesforce_3 | M35: KPMG_ContactId__c | N35: KPMG_Lead_Contact_Id__c
A36: =CONCATENATE($C36,"_Ln",TEXT($F36,"000"),"_",$G36,"__",$E36) -> Flip_Active_To_Unsubscribe_For_Contact_Ln013_DV___Subscribers | B36: =VLOOKUP($D36,Activities!$D:$G,3,FALSE) -> SQL | C36: =VLOOKUP($D36,Activities!$D:$G,2,FALSE) -> Flip_Active_To_Unsubscribe_For_Contact | D36: 16.1__Flip_Active_To_Unsubscribe_For_Contact__SQL | E36: _Subscribers | F36: 13 | G36: DV | H36: Join | I36: SQL | J36: JOIN | K36: Join | L36: ContactPointEmail_Salesforce_5 | M36: EmailAddress | N36: EmailAddress
A37: =CONCATENATE($C37,"_Ln",TEXT($F37,"000"),"_",$G37,"__",$E37) -> Final_Preferences-Update_Unsubscribed_in_AllSubscribers_Ln000_DE__Final_Preferences-Update_Unsubscribed_in_AllSubscribers | B37: =VLOOKUP($D37,Activities!$D:$G,3,FALSE) -> SQL | C37: =VLOOKUP($D37,Activities!$D:$G,2,FALSE) -> Final_Preferences-Update_Unsubscribed_in_AllSubscribers | D37: 17.1__Final_Preferences-Update_Unsubscribed_in_AllSubscribers__SQL | E37: Final_Preferences-Update_Unsubscribed_in_AllSubscribers | F37: 0 | G37: DE | H37: TargetDE | I37: SQL | J37: Overwrite | K37: TargetDE
A38: =CONCATENATE($C38,"_Ln",TEXT($F38,"000"),"_",$G38,"__",$E38) -> Final_Preferences-Update_Unsubscribed_in_AllSubscribers_Ln003_DE__Preferences-Update_Unsubscribed_in_AllSubscribers | B38: =VLOOKUP($D38,Activities!$D:$G,3,FALSE) -> SQL | C38: =VLOOKUP($D38,Activities!$D:$G,2,FALSE) -> Final_Preferences-Update_Unsubscribed_in_AllSubscribers | D38: 17.1__Final_Preferences-Update_Unsubscribed_in_AllSubscribers__SQL | E38: Preferences-Update_Unsubscribed_in_AllSubscribers | F38: 3 | G38: DE | H38: Source | I38: SQL | J38: FROM | K38: PrimarySource
A39: =CONCATENATE($C39,"_Ln",TEXT($F39,"000"),"_",$G39,"__",$E39) -> Update_Opt_Out_To_Unsubscriber_Preferences_Email_Ln000_DE__Unsubscriber_Preferences_Email | B39: =VLOOKUP($D39,Activities!$D:$G,3,FALSE) -> SQL | C39: =VLOOKUP($D39,Activities!$D:$G,2,FALSE) -> Update_Opt_Out_To_Unsubscriber_Preferences_Email | D39: 21.1__Update_Opt_Out_To_Unsubscriber_Preferences_Email__SQL | E39: Unsubscriber_Preferences_Email | F39: 0 | G39: DE | H39: TargetDE | I39: SQL | J39: Update | K39: TargetDE
A40: =CONCATENATE($C40,"_Ln",TEXT($F40,"000"),"_",$G40,"__",$E40) -> Update_Opt_Out_To_Unsubscriber_Preferences_Email_Ln036_DE__Subscriber_Preferences_Email | B40: =VLOOKUP($D40,Activities!$D:$G,3,FALSE) -> SQL | C40: =VLOOKUP($D40,Activities!$D:$G,2,FALSE) -> Update_Opt_Out_To_Unsubscriber_Preferences_Email | D40: 21.1__Update_Opt_Out_To_Unsubscriber_Preferences_Email__SQL | E40: Subscriber_Preferences_Email | F40: 36 | G40: DE | H40: Source | I40: SQL | J40: FROM | K40: PrimarySource
A41: =CONCATENATE($C41,"_Ln",TEXT($F41,"000"),"_",$G41,"__",$E41) -> Update_Opt_Out_To_Unsubscriber_Preferences_Email_Ln038_DE__Preferences-Update_Unsubscribed_in_AllSubscribers | B41: =VLOOKUP($D41,Activities!$D:$G,3,FALSE) -> SQL | C41: =VLOOKUP($D41,Activities!$D:$G,2,FALSE) -> Update_Opt_Out_To_Unsubscriber_Preferences_Email | D41: 21.1__Update_Opt_Out_To_Unsubscriber_Preferences_Email__SQL | E41: Preferences-Update_Unsubscribed_in_AllSubscribers | F41: 38 | G41: DE | H41: Join | I41: SQL | J41: RIGHT JOIN | K41: Join | L41: Subscriber_Preferences_Email | M41: EmailAddress | N41: EmailAddress
A42: =CONCATENATE($C42,"_Ln",TEXT($F42,"000"),"_",$G42,"__",$E42) -> Update_Opt_Out_To_Unsubscriber_Preferences_Email_Ln039_DE__MasterSendLog | B42: =VLOOKUP($D42,Activities!$D:$G,3,FALSE) -> SQL | C42: =VLOOKUP($D42,Activities!$D:$G,2,FALSE) -> Update_Opt_Out_To_Unsubscriber_Preferences_Email | D42: 21.1__Update_Opt_Out_To_Unsubscriber_Preferences_Email__SQL | E42: MasterSendLog | F42: 39 | G42: DE | H42: Join | I42: SQL | J42: LEFT JOIN | K42: Join | L42: Preferences-Update_Unsubscribed_in_AllSubscribers | M42: EmailAddr | N42: EmailAddress
A43: =CONCATENATE($C43,"_Ln",TEXT($F43,"000"),"_",$G43,"__",$E43) -> Update_Opt_Out_To_Unsubscriber_Preferences_Email_Ln042_SDE__Lead_Salesforce_5 | B43: =VLOOKUP($D43,Activities!$D:$G,3,FALSE) -> SQL | C43: =VLOOKUP($D43,Activities!$D:$G,2,FALSE) -> Update_Opt_Out_To_Unsubscriber_Preferences_Email | D43: 21.1__Update_Opt_Out_To_Unsubscriber_Preferences_Email__SQL | E43: Lead_Salesforce_5 | F43: 42 | G43: SDE | H43: Join | I43: SQL | J43: LEFT JOIN | K43: Join | L43: Subscriber_Preferences_Email | M43: Id | N43: Salesforce_ID
A44: =CONCATENATE($C44,"_Ln",TEXT($F44,"000"),"_",$G44,"__",$E44) -> Update_Opt_Out_To_Unsubscriber_Preferences_Email_Ln044_SDE__Contact_Salesforce_5 | B44: =VLOOKUP($D44,Activities!$D:$G,3,FALSE) -> SQL | C44: =VLOOKUP($D44,Activities!$D:$G,2,FALSE) -> Update_Opt_Out_To_Unsubscriber_Preferences_Email | D44: 21.1__Update_Opt_Out_To_Unsubscriber_Preferences_Email__SQL | E44: Contact_Salesforce_5 | F44: 44 | G44: SDE | H44: Join | I44: SQL | J44: LEFT JOIN | K44: Join | L44: Subscriber_Preferences_Email | M44: Id | N44: Salesforce_ID
A45: =CONCATENATE($C45,"_Ln",TEXT($F45,"000"),"_",$G45,"__",$E45) -> Add_Opt_Out_To_Audit_Preferences_From_Unsubscribe_Pref_Email_Ln000_DE__Audit_Preferences | B45: =VLOOKUP($D45,Activities!$D:$G,3,FALSE) -> SQL | C45: =VLOOKUP($D45,Activities!$D:$G,2,FALSE) -> Add_Opt_Out_To_Audit_Preferences_From_Unsubscribe_Pref_Email | D45: 22.1__Add_Opt_Out_To_Audit_Preferences_From_Unsubscribe_Pref_Email__SQL | E45: Audit_Preferences | F45: 0 | G45: DE | H45: TargetDE | I45: SQL | J45: Append | K45: TargetDE
A46: =CONCATENATE($C46,"_Ln",TEXT($F46,"000"),"_",$G46,"__",$E46) -> Add_Opt_Out_To_Audit_Preferences_From_Unsubscribe_Pref_Email_Ln034_DE__Subscriber_Preferences_Email | B46: =VLOOKUP($D46,Activities!$D:$G,3,FALSE) -> SQL | C46: =VLOOKUP($D46,Activities!$D:$G,2,FALSE) -> Add_Opt_Out_To_Audit_Preferences_From_Unsubscribe_Pref_Email | D46: 22.1__Add_Opt_Out_To_Audit_Preferences_From_Unsubscribe_Pref_Email__SQL | E46: Subscriber_Preferences_Email | F46: 34 | G46: DE | H46: Source | I46: SQL | J46: FROM | K46: PrimarySource
A47: =CONCATENATE($C47,"_Ln",TEXT($F47,"000"),"_",$G47,"__",$E47) -> Add_Opt_Out_To_Audit_Preferences_From_Unsubscribe_Pref_Email_Ln036_DE__Preferences-Update_Unsubscribed_in_AllSubscribers | B47: =VLOOKUP($D47,Activities!$D:$G,3,FALSE) -> SQL | C47: =VLOOKUP($D47,Activities!$D:$G,2,FALSE) -> Add_Opt_Out_To_Audit_Preferences_From_Unsubscribe_Pref_Email | D47: 22.1__Add_Opt_Out_To_Audit_Preferences_From_Unsubscribe_Pref_Email__SQL | E47: Preferences-Update_Unsubscribed_in_AllSubscribers | F47: 36 | G47: DE | H47: Join | I47: SQL | J47: JOIN | K47: Join | L47: Subscriber_Preferences_Email | M47: EmailAddress | N47: EmailAddress
A48: =CONCATENATE($C48,"_Ln",TEXT($F48,"000"),"_",$G48,"__",$E48) -> Add_Opt_Out_To_Audit_Preferences_From_Unsubscribe_Pref_Email_Ln037_DE__MasterSendLog | B48: =VLOOKUP($D48,Activities!$D:$G,3,FALSE) -> SQL | C48: =VLOOKUP($D48,Activities!$D:$G,2,FALSE) -> Add_Opt_Out_To_Audit_Preferences_From_Unsubscribe_Pref_Email | D48: 22.1__Add_Opt_Out_To_Audit_Preferences_From_Unsubscribe_Pref_Email__SQL | E48: MasterSendLog | F48: 37 | G48: DE | H48: Join | I48: SQL | J48: LEFT JOIN | K48: Join | L48: Preferences-Update_Unsubscribed_in_AllSubscribers | M48: EmailAddr | N48: EmailAddress
A49: =CONCATENATE($C49,"_Ln",TEXT($F49,"000"),"_",$G49,"__",$E49) -> Add_Opt_Out_To_Audit_Preferences_From_Unsubscribe_Pref_Email_Ln040_SDE__Lead_Salesforce_5 | B49: =VLOOKUP($D49,Activities!$D:$G,3,FALSE) -> SQL | C49: =VLOOKUP($D49,Activities!$D:$G,2,FALSE) -> Add_Opt_Out_To_Audit_Preferences_From_Unsubscribe_Pref_Email | D49: 22.1__Add_Opt_Out_To_Audit_Preferences_From_Unsubscribe_Pref_Email__SQL | E49: Lead_Salesforce_5 | F49: 40 | G49: SDE | H49: Join | I49: SQL | J49: LEFT JOIN | K49: Join | L49: Subscriber_Preferences_Email | M49: Id | N49: Salesforce_ID
A50: =CONCATENATE($C50,"_Ln",TEXT($F50,"000"),"_",$G50,"__",$E50) -> Add_Opt_Out_To_Audit_Preferences_From_Unsubscribe_Pref_Email_Ln042_SDE__Contact_Salesforce_5 | B50: =VLOOKUP($D50,Activities!$D:$G,3,FALSE) -> SQL | C50: =VLOOKUP($D50,Activities!$D:$G,2,FALSE) -> Add_Opt_Out_To_Audit_Preferences_From_Unsubscribe_Pref_Email | D50: 22.1__Add_Opt_Out_To_Audit_Preferences_From_Unsubscribe_Pref_Email__SQL | E50: Contact_Salesforce_5 | F50: 42 | G50: SDE | H50: Join | I50: SQL | J50: LEFT JOIN | K50: Join | L50: Subscriber_Preferences_Email | M50: Id | N50: Salesforce_ID
A51: =CONCATENATE($C51,"_Ln",TEXT($F51,"000"),"_",$G51,"__",$E51) -> Update_Opt_Out_To_Unsubscriber_From_All_Preferences_Ln000_DE__Unsubscribe_From_All_Preferences | B51: =VLOOKUP($D51,Activities!$D:$G,3,FALSE) -> SQL | C51: =VLOOKUP($D51,Activities!$D:$G,2,FALSE) -> Update_Opt_Out_To_Unsubscriber_From_All_Preferences | D51: 23.1__Update_Opt_Out_To_Unsubscriber_From_All_Preferences__SQL | E51: Unsubscribe_From_All_Preferences | F51: 0 | G51: DE | H51: TargetDE | I51: SQL | J51: Update | K51: TargetDE
A52: =CONCATENATE($C52,"_Ln",TEXT($F52,"000"),"_",$G52,"__",$E52) -> Update_Opt_Out_To_Unsubscriber_From_All_Preferences_Ln029_DE__Preferences-Update_Unsubscribed_in_AllSubscribers | B52: =VLOOKUP($D52,Activities!$D:$G,3,FALSE) -> SQL | C52: =VLOOKUP($D52,Activities!$D:$G,2,FALSE) -> Update_Opt_Out_To_Unsubscriber_From_All_Preferences | D52: 23.1__Update_Opt_Out_To_Unsubscriber_From_All_Preferences__SQL | E52: Preferences-Update_Unsubscribed_in_AllSubscribers | F52: 29 | G52: DE | H52: Source | I52: SQL | J52: FROM | K52: PrimarySource
A53: =CONCATENATE($C53,"_Ln",TEXT($F53,"000"),"_",$G53,"__",$E53) -> Update_Opt_Out_To_Unsubscriber_From_All_Preferences_Ln030_SDE__ContactPointEmail_Salesforce_5 | B53: =VLOOKUP($D53,Activities!$D:$G,3,FALSE) -> SQL | C53: =VLOOKUP($D53,Activities!$D:$G,2,FALSE) -> Update_Opt_Out_To_Unsubscriber_From_All_Preferences | D53: 23.1__Update_Opt_Out_To_Unsubscriber_From_All_Preferences__SQL | E53: ContactPointEmail_Salesforce_5 | F53: 30 | G53: SDE | H53: Join | I53: SQL | J53: JOIN | K53: Join | L53: Preferences-Update_Unsubscribed_in_AllSubscribers | M53: EmailAddress | N53: EmailAddress
A54: =CONCATENATE($C54,"_Ln",TEXT($F54,"000"),"_",$G54,"__",$E54) -> Update_Opt_Out_To_Unsubscriber_From_All_Preferences_Ln032_DE__MasterSendLog | B54: =VLOOKUP($D54,Activities!$D:$G,3,FALSE) -> SQL | C54: =VLOOKUP($D54,Activities!$D:$G,2,FALSE) -> Update_Opt_Out_To_Unsubscriber_From_All_Preferences | D54: 23.1__Update_Opt_Out_To_Unsubscriber_From_All_Preferences__SQL | E54: MasterSendLog | F54: 32 | G54: DE | H54: Join | I54: SQL | J54: LEFT JOIN | K54: Join | L54: Preferences-Update_Unsubscribed_in_AllSubscribers | M54: EmailAddr | N54: EmailAddress
A55: =CONCATENATE($C55,"_Ln",TEXT($F55,"000"),"_",$G55,"__",$E55) -> Update_Opt_Out_To_Unsubscriber_From_All_Preferences_Ln034_SDE__Contact_Salesforce_5 | B55: =VLOOKUP($D55,Activities!$D:$G,3,FALSE) -> SQL | C55: =VLOOKUP($D55,Activities!$D:$G,2,FALSE) -> Update_Opt_Out_To_Unsubscriber_From_All_Preferences | D55: 23.1__Update_Opt_Out_To_Unsubscriber_From_All_Preferences__SQL | E55: Contact_Salesforce_5 | F55: 34 | G55: SDE | H55: Join | I55: SQL | J55: LEFT JOIN | K55: Join | L55: ContactPointEmail_Salesforce_5 | M55: Id | N55: KPMG_Lead_Contact_Id__c
A56: =CONCATENATE($C56,"_Ln",TEXT($F56,"000"),"_",$G56,"__",$E56) -> Update_Opt_Out_To_Unsubscriber_From_All_Preferences_Ln035_SDE__Lead_Salesforce_5 | B56: =VLOOKUP($D56,Activities!$D:$G,3,FALSE) -> SQL | C56: =VLOOKUP($D56,Activities!$D:$G,2,FALSE) -> Update_Opt_Out_To_Unsubscriber_From_All_Preferences | D56: 23.1__Update_Opt_Out_To_Unsubscriber_From_All_Preferences__SQL | E56: Lead_Salesforce_5 | F56: 35 | G56: SDE | H56: Join | I56: SQL | J56: LEFT JOIN | K56: Join | L56: ContactPointEmail_Salesforce_5 | M56: Id | N56: KPMG_Lead_Contact_Id__c
A57: =CONCATENATE($C57,"_Ln",TEXT($F57,"000"),"_",$G57,"__",$E57) -> Add_Opt_Out_To_Audit_Preferences_From_Unsubscribe_From_All_DE_Ln000_DE__Audit_Preferences | B57: =VLOOKUP($D57,Activities!$D:$G,3,FALSE) -> SQL | C57: =VLOOKUP($D57,Activities!$D:$G,2,FALSE) -> Add_Opt_Out_To_Audit_Preferences_From_Unsubscribe_From_All_DE | D57: 24.1__Add_Opt_Out_To_Audit_Preferences_From_Unsubscribe_From_All_DE__SQL | E57: Audit_Preferences | F57: 0 | G57: DE | H57: TargetDE | I57: SQL | J57: Update | K57: TargetDE
A58: =CONCATENATE($C58,"_Ln",TEXT($F58,"000"),"_",$G58,"__",$E58) -> Add_Opt_Out_To_Audit_Preferences_From_Unsubscribe_From_All_DE_Ln034_DE__Preferences-Update_Unsubscribed_in_AllSubscribers | B58: =VLOOKUP($D58,Activities!$D:$G,3,FALSE) -> SQL | C58: =VLOOKUP($D58,Activities!$D:$G,2,FALSE) -> Add_Opt_Out_To_Audit_Preferences_From_Unsubscribe_From_All_DE | D58: 24.1__Add_Opt_Out_To_Audit_Preferences_From_Unsubscribe_From_All_DE__SQL | E58: Preferences-Update_Unsubscribed_in_AllSubscribers | F58: 34 | G58: DE | H58: Source | I58: SQL | J58: FROM | K58: PrimarySource
A59: =CONCATENATE($C59,"_Ln",TEXT($F59,"000"),"_",$G59,"__",$E59) -> Add_Opt_Out_To_Audit_Preferences_From_Unsubscribe_From_All_DE_Ln035_SDE__ContactPointEmail_Salesforce_5 | B59: =VLOOKUP($D59,Activities!$D:$G,3,FALSE) -> SQL | C59: =VLOOKUP($D59,Activities!$D:$G,2,FALSE) -> Add_Opt_Out_To_Audit_Preferences_From_Unsubscribe_From_All_DE | D59: 24.1__Add_Opt_Out_To_Audit_Preferences_From_Unsubscribe_From_All_DE__SQL | E59: ContactPointEmail_Salesforce_5 | F59: 35 | G59: SDE | H59: Join | I59: SQL | J59: JOIN | K59: Join | L59: Preferences-Update_Unsubscribed_in_AllSubscribers | M59: EmailAddress | N59: EmailAddress
A60: =CONCATENATE($C60,"_Ln",TEXT($F60,"000"),"_",$G60,"__",$E60) -> Add_Opt_Out_To_Audit_Preferences_From_Unsubscribe_From_All_DE_Ln037_DE__MasterSendLog | B60: =VLOOKUP($D60,Activities!$D:$G,3,FALSE) -> SQL | C60: =VLOOKUP($D60,Activities!$D:$G,2,FALSE) -> Add_Opt_Out_To_Audit_Preferences_From_Unsubscribe_From_All_DE | D60: 24.1__Add_Opt_Out_To_Audit_Preferences_From_Unsubscribe_From_All_DE__SQL | E60: MasterSendLog | F60: 37 | G60: DE | H60: Join | I60: SQL | J60: LEFT JOIN | K60: Join | L60: Preferences-Update_Unsubscribed_in_AllSubscribers | M60: EmailAddr | N60: EmailAddress
A61: =CONCATENATE($C61,"_Ln",TEXT($F61,"000"),"_",$G61,"__",$E61) -> Add_Opt_Out_To_Audit_Preferences_From_Unsubscribe_From_All_DE_Ln039_SDE__Contact_Salesforce_5 | B61: =VLOOKUP($D61,Activities!$D:$G,3,FALSE) -> SQL | C61: =VLOOKUP($D61,Activities!$D:$G,2,FALSE) -> Add_Opt_Out_To_Audit_Preferences_From_Unsubscribe_From_All_DE | D61: 24.1__Add_Opt_Out_To_Audit_Preferences_From_Unsubscribe_From_All_DE__SQL | E61: Contact_Salesforce_5 | F61: 39 | G61: SDE | H61: Join | I61: SQL | J61: LEFT JOIN | K61: Join | L61: ContactPointEmail_Salesforce_5 | M61: Id | N61: KPMG_Lead_Contact_Id__c
A62: =CONCATENATE($C62,"_Ln",TEXT($F62,"000"),"_",$G62,"__",$E62) -> Add_Opt_Out_To_Audit_Preferences_From_Unsubscribe_From_All_DE_Ln041_SDE__Lead_Salesforce_5 | B62: =VLOOKUP($D62,Activities!$D:$G,3,FALSE) -> SQL | C62: =VLOOKUP($D62,Activities!$D:$G,2,FALSE) -> Add_Opt_Out_To_Audit_Preferences_From_Unsubscribe_From_All_DE | D62: 24.1__Add_Opt_Out_To_Audit_Preferences_From_Unsubscribe_From_All_DE__SQL | E62: Lead_Salesforce_5 | F62: 41 | G62: SDE | H62: Join | I62: SQL | J62: LEFT JOIN | K62: Join | L62: ContactPointEmail_Salesforce_5 | M62: Id | N62: KPMG_Lead_Contact_Id__c
A63: =CONCATENATE($C63,"_Ln",TEXT($F63,"000"),"_",$G63,"__",$E63) -> Add_Sales_Cloud_Unsubscribe_To_RecordKeeper_Unsub_Pref_Email_DE_Ln000_DE__ConsentUpdates_Recordkeeper | B63: =VLOOKUP($D63,Activities!$D:$G,3,FALSE) -> SQL | C63: =VLOOKUP($D63,Activities!$D:$G,2,FALSE) -> Add_Sales_Cloud_Unsubscribe_To_RecordKeeper_Unsub_Pref_Email_DE | D63: 25.1__Add_Sales_Cloud_Unsubscribe_To_RecordKeeper_Unsub_Pref_Email_DE__SQL | E63: ConsentUpdates_Recordkeeper | F63: 0 | G63: DE | H63: TargetDE | I63: SQL | J63: Append | K63: TargetDE
A64: =CONCATENATE($C64,"_Ln",TEXT($F64,"000"),"_",$G64,"__",$E64) -> Add_Sales_Cloud_Unsubscribe_To_RecordKeeper_Unsub_Pref_Email_DE_Ln036_DE__Subscriber_Preferences_Email | B64: =VLOOKUP($D64,Activities!$D:$G,3,FALSE) -> SQL | C64: =VLOOKUP($D64,Activities!$D:$G,2,FALSE) -> Add_Sales_Cloud_Unsubscribe_To_RecordKeeper_Unsub_Pref_Email_DE | D64: 25.1__Add_Sales_Cloud_Unsubscribe_To_RecordKeeper_Unsub_Pref_Email_DE__SQL | E64: Subscriber_Preferences_Email | F64: 36 | G64: DE | H64: Source | I64: SQL | J64: FROM | K64: PrimarySource
A65: =CONCATENATE($C65,"_Ln",TEXT($F65,"000"),"_",$G65,"__",$E65) -> Add_Sales_Cloud_Unsubscribe_To_RecordKeeper_Unsub_Pref_Email_DE_Ln038_DE__Preferences-Update_Unsubscribed_in_AllSubscribers | B65: =VLOOKUP($D65,Activities!$D:$G,3,FALSE) -> SQL | C65: =VLOOKUP($D65,Activities!$D:$G,2,FALSE) -> Add_Sales_Cloud_Unsubscribe_To_RecordKeeper_Unsub_Pref_Email_DE | D65: 25.1__Add_Sales_Cloud_Unsubscribe_To_RecordKeeper_Unsub_Pref_Email_DE__SQL | E65: Preferences-Update_Unsubscribed_in_AllSubscribers | F65: 38 | G65: DE | H65: Join | I65: SQL | J65: JOIN | K65: Join | L65: Subscriber_Preferences_Email | M65: EmailAddress | N65: EmailAddress
A66: =CONCATENATE($C66,"_Ln",TEXT($F66,"000"),"_",$G66,"__",$E66) -> Add_Sales_Cloud_Unsubscribe_To_RecordKeeper_Unsub_Pref_Email_DE_Ln039_DE__MasterSendLog | B66: =VLOOKUP($D66,Activities!$D:$G,3,FALSE) -> SQL | C66: =VLOOKUP($D66,Activities!$D:$G,2,FALSE) -> Add_Sales_Cloud_Unsubscribe_To_RecordKeeper_Unsub_Pref_Email_DE | D66: 25.1__Add_Sales_Cloud_Unsubscribe_To_RecordKeeper_Unsub_Pref_Email_DE__SQL | E66: MasterSendLog | F66: 39 | G66: DE | H66: Join | I66: SQL | J66: LEFT JOIN | K66: Join | L66: Preferences-Update_Unsubscribed_in_AllSubscribers | M66: EmailAddr | N66: EmailAddress
A67: =CONCATENATE($C67,"_Ln",TEXT($F67,"000"),"_",$G67,"__",$E67) -> Add_Sales_Cloud_Unsubscribe_To_RecordKeeper_Unsub_Pref_Email_DE_Ln042_SDE__Lead_Salesforce_5 | B67: =VLOOKUP($D67,Activities!$D:$G,3,FALSE) -> SQL | C67: =VLOOKUP($D67,Activities!$D:$G,2,FALSE) -> Add_Sales_Cloud_Unsubscribe_To_RecordKeeper_Unsub_Pref_Email_DE | D67: 25.1__Add_Sales_Cloud_Unsubscribe_To_RecordKeeper_Unsub_Pref_Email_DE__SQL | E67: Lead_Salesforce_5 | F67: 42 | G67: SDE | H67: Join | I67: SQL | J67: LEFT JOIN | K67: Join | L67: Subscriber_Preferences_Email | M67: Id | N67: Salesforce_ID
A68: =CONCATENATE($C68,"_Ln",TEXT($F68,"000"),"_",$G68,"__",$E68) -> Add_Sales_Cloud_Unsubscribe_To_RecordKeeper_Unsub_Pref_Email_DE_Ln044_SDE__Contact_Salesforce_5 | B68: =VLOOKUP($D68,Activities!$D:$G,3,FALSE) -> SQL | C68: =VLOOKUP($D68,Activities!$D:$G,2,FALSE) -> Add_Sales_Cloud_Unsubscribe_To_RecordKeeper_Unsub_Pref_Email_DE | D68: 25.1__Add_Sales_Cloud_Unsubscribe_To_RecordKeeper_Unsub_Pref_Email_DE__SQL | E68: Contact_Salesforce_5 | F68: 44 | G68: SDE | H68: Join | I68: SQL | J68: LEFT JOIN | K68: Join | L68: Subscriber_Preferences_Email | M68: Id | N68: Salesforce_ID
A69: =CONCATENATE($C69,"_Ln",TEXT($F69,"000"),"_",$G69,"__",$E69) -> Add_Sales_Cloud_Unsubscribe_To_RecordKeeper_Unsub_From_All_DE_Ln000_DE__ConsentUpdates_Recordkeeper | B69: =VLOOKUP($D69,Activities!$D:$G,3,FALSE) -> SQL | C69: =VLOOKUP($D69,Activities!$D:$G,2,FALSE) -> Add_Sales_Cloud_Unsubscribe_To_RecordKeeper_Unsub_From_All_DE | D69: 26.1__Add_Sales_Cloud_Unsubscribe_To_RecordKeeper_Unsub_From_All_DE__SQL | E69: ConsentUpdates_Recordkeeper | F69: 0 | G69: DE | H69: TargetDE | I69: SQL | J69: Append | K69: TargetDE
A70: =CONCATENATE($C70,"_Ln",TEXT($F70,"000"),"_",$G70,"__",$E70) -> Add_Sales_Cloud_Unsubscribe_To_RecordKeeper_Unsub_From_All_DE_Ln008_DE__Preferences-Update_Unsubscribed_in_AllSubscribers | B70: =VLOOKUP($D70,Activities!$D:$G,3,FALSE) -> SQL | C70: =VLOOKUP($D70,Activities!$D:$G,2,FALSE) -> Add_Sales_Cloud_Unsubscribe_To_RecordKeeper_Unsub_From_All_DE | D70: 26.1__Add_Sales_Cloud_Unsubscribe_To_RecordKeeper_Unsub_From_All_DE__SQL | E70: Preferences-Update_Unsubscribed_in_AllSubscribers | F70: 8 | G70: DE | H70: Source | I70: SQL | J70: FROM | K70: PrimarySource
A71: =CONCATENATE($C71,"_Ln",TEXT($F71,"000"),"_",$G71,"__",$E71) -> Add_Sales_Cloud_Unsubscribe_To_RecordKeeper_Unsub_From_All_DE_Ln039_SDE__ContactPointEmail_Salesforce_5 | B71: =VLOOKUP($D71,Activities!$D:$G,3,FALSE) -> SQL | C71: =VLOOKUP($D71,Activities!$D:$G,2,FALSE) -> Add_Sales_Cloud_Unsubscribe_To_RecordKeeper_Unsub_From_All_DE | D71: 26.1__Add_Sales_Cloud_Unsubscribe_To_RecordKeeper_Unsub_From_All_DE__SQL | E71: ContactPointEmail_Salesforce_5 | F71: 39 | G71: SDE | H71: Join | I71: SQL | J71: JOIN | K71: Join | L71: Preferences-Update_Unsubscribed_in_AllSubscribers | M71: EmailAddress | N71: EmailAddress
A72: =CONCATENATE($C72,"_Ln",TEXT($F72,"000"),"_",$G72,"__",$E72) -> Add_Sales_Cloud_Unsubscribe_To_RecordKeeper_Unsub_From_All_DE_Ln041_DE__MasterSendLog | B72: =VLOOKUP($D72,Activities!$D:$G,3,FALSE) -> SQL | C72: =VLOOKUP($D72,Activities!$D:$G,2,FALSE) -> Add_Sales_Cloud_Unsubscribe_To_RecordKeeper_Unsub_From_All_DE | D72: 26.1__Add_Sales_Cloud_Unsubscribe_To_RecordKeeper_Unsub_From_All_DE__SQL | E72: MasterSendLog | F72: 41 | G72: DE | H72: Join | I72: SQL | J72: LEFT JOIN | K72: Join | L72: Preferences-Update_Unsubscribed_in_AllSubscribers | M72: EmailAddr | N72: EmailAddress
A73: =CONCATENATE($C73,"_Ln",TEXT($F73,"000"),"_",$G73,"__",$E73) -> Add_Sales_Cloud_Unsubscribe_To_RecordKeeper_Unsub_From_All_DE_Ln043_SDE__Contact_Salesforce_5 | B73: =VLOOKUP($D73,Activities!$D:$G,3,FALSE) -> SQL | C73: =VLOOKUP($D73,Activities!$D:$G,2,FALSE) -> Add_Sales_Cloud_Unsubscribe_To_RecordKeeper_Unsub_From_All_DE | D73: 26.1__Add_Sales_Cloud_Unsubscribe_To_RecordKeeper_Unsub_From_All_DE__SQL | E73: Contact_Salesforce_5 | F73: 43 | G73: SDE | H73: Join | I73: SQL | J73: LEFT JOIN | K73: Join | L73: ContactPointEmail_Salesforce_5 | M73: Id | N73: KPMG_Lead_Contact_Id__c
A74: =CONCATENATE($C74,"_Ln",TEXT($F74,"000"),"_",$G74,"__",$E74) -> Add_Sales_Cloud_Unsubscribe_To_RecordKeeper_Unsub_From_All_DE_Ln045_SDE__Lead_Salesforce_5 | B74: =VLOOKUP($D74,Activities!$D:$G,3,FALSE) -> SQL | C74: =VLOOKUP($D74,Activities!$D:$G,2,FALSE) -> Add_Sales_Cloud_Unsubscribe_To_RecordKeeper_Unsub_From_All_DE | D74: 26.1__Add_Sales_Cloud_Unsubscribe_To_RecordKeeper_Unsub_From_All_DE__SQL | E74: Lead_Salesforce_5 | F74: 45 | G74: SDE | H74: Join | I74: SQL | J74: LEFT JOIN | K74: Join | L74: ContactPointEmail_Salesforce_5 | M74: Id | N74: KPMG_Lead_Contact_Id__c
A75: =CONCATENATE($C75,"_Ln",TEXT($F75,"000"),"_",$G75,"__",$E75) -> SQL_Preferences-Remove_duplicates_With_Associated_Email_Ln000_DE__Preferences-Update_Unsubscribed_in_AllSubscribers_With_Associated_Email | B75: =VLOOKUP($D75,Activities!$D:$G,3,FALSE) -> SQL | C75: =VLOOKUP($D75,Activities!$D:$G,2,FALSE) -> SQL_Preferences-Remove_duplicates_With_Associated_Email | D75: 27.1__SQL_Preferences-Remove_duplicates_With_Associated_Email__SQL | E75: Preferences-Update_Unsubscribed_in_AllSubscribers_With_Associated_Email | F75: 0 | G75: DE | H75: TargetDE | I75: SQL | J75: Overwrite | K75: TargetDE
A76: =CONCATENATE($C76,"_Ln",TEXT($F76,"000"),"_",$G76,"__",$E76) -> SQL_Preferences-Remove_duplicates_With_Associated_Email_Ln012_DE__Preferences-Update_Unsubscribed_in_AllSubscribers | B76: =VLOOKUP($D76,Activities!$D:$G,3,FALSE) -> SQL | C76: =VLOOKUP($D76,Activities!$D:$G,2,FALSE) -> SQL_Preferences-Remove_duplicates_With_Associated_Email | D76: 27.1__SQL_Preferences-Remove_duplicates_With_Associated_Email__SQL | E76: Preferences-Update_Unsubscribed_in_AllSubscribers | F76: 12 | G76: DE | H76: Source | I76: SQL | J76: FROM | K76: PrimarySource
A77: =CONCATENATE($C77,"_Ln",TEXT($F77,"000"),"_",$G77,"__",$E77) -> Consent-ExpiredUnsubscribeAllLinkClicks_Ln000_DE__ ConsentUpdates-ExpiredUnsubscribeLinkClicks | B77: =VLOOKUP($D77,Activities!$D:$G,3,FALSE) -> SQL | C77: =VLOOKUP($D77,Activities!$D:$G,2,FALSE) -> Consent-ExpiredUnsubscribeAllLinkClicks | D77: 30.1__ Consent-ExpiredUnsubscribeAllLinkClicks__SQL | E77: ConsentUpdates-ExpiredUnsubscribeLinkClicks | F77: 0 | G77: DE | H77: TargetDE | I77: SQL | J77: Overwrite | K77: TargetDE
A78: =CONCATENATE($C78,"_Ln",TEXT($F78,"000"),"_",$G78,"__",$E78) -> Consent-ExpiredUnsubscribeAllLinkClicks_Ln003_DE__Consent_EmailOnlyUnsubscribeFormRequest | B78: =VLOOKUP($D78,Activities!$D:$G,3,FALSE) -> SQL | C78: =VLOOKUP($D78,Activities!$D:$G,2,FALSE) -> Consent-ExpiredUnsubscribeAllLinkClicks | D78: 30.1__ Consent-ExpiredUnsubscribeAllLinkClicks__SQL | E78: Consent_EmailOnlyUnsubscribeFormRequest | F78: 3 | G78: DE | H78: Source | I78: SQL | J78: FROM | K78: PrimarySource
A79: =CONCATENATE($C79,"_Ln",TEXT($F79,"000"),"_",$G79,"__",$E79) -> Consent-ExpiredUnsubscribeAllLinkClicks_Ln004_DV___Subscribers | B79: =VLOOKUP($D79,Activities!$D:$G,3,FALSE) -> SQL | C79: =VLOOKUP($D79,Activities!$D:$G,2,FALSE) -> Consent-ExpiredUnsubscribeAllLinkClicks | D79: 30.1__ Consent-ExpiredUnsubscribeAllLinkClicks__SQL | E79: _Subscribers | F79: 4 | G79: DV | H79: Join | I79: SQL | J79: LEFT JOIN | K79: Join | L79: Consent_EmailOnlyUnsubscribeFormRequest | M79: EmailAddress | N79: EmailAddress
A80: =CONCATENATE($C80,"_Ln",TEXT($F80,"000"),"_",$G80,"__",$E80) -> Consent-UpdateProcessedData_Ln000_DE__Consent_EmailOnlyUnsubscribeFormRequest | B80: =VLOOKUP($D80,Activities!$D:$G,3,FALSE) -> SQL | C80: =VLOOKUP($D80,Activities!$D:$G,2,FALSE) -> Consent-UpdateProcessedData | D80: 34.1__Consent-UpdateProcessedData__SQL | E80: Consent_EmailOnlyUnsubscribeFormRequest | F80: 0 | G80: DE | H80: TargetDE | I80: SQL | J80: Update | K80: TargetDE
A81: =CONCATENATE($C81,"_Ln",TEXT($F81,"000"),"_",$G81,"__",$E81) -> Consent-UpdateProcessedData_Ln002_DE__ConsentUpdates-ExpiredUnsubscribeLinkClicks | B81: =VLOOKUP($D81,Activities!$D:$G,3,FALSE) -> SQL | C81: =VLOOKUP($D81,Activities!$D:$G,2,FALSE) -> Consent-UpdateProcessedData | D81: 34.1__Consent-UpdateProcessedData__SQL | E81: ConsentUpdates-ExpiredUnsubscribeLinkClicks | F81: 2 | G81: DE | H81: Source | I81: SQL | J81: FROM | K81: PrimarySource
A82: =CONCATENATE($C82,"_Ln",TEXT($F82,"000"),"_",$G82,"__",$E82) -> Consent-UpdateProcessedData_Ln003_SDE__ContactPointEmail_Salesforce_5 | B82: =VLOOKUP($D82,Activities!$D:$G,3,FALSE) -> SQL | C82: =VLOOKUP($D82,Activities!$D:$G,2,FALSE) -> Consent-UpdateProcessedData | D82: 34.1__Consent-UpdateProcessedData__SQL | E82: ContactPointEmail_Salesforce_5 | F82: 3 | G82: SDE | H82: Join | I82: SQL | J82: LEFT JOIN | K82: Join | L82: ConsentUpdates-ExpiredUnsubscribeLinkClicks | M82: EmailAddress | N82: EmailAddress
A83: =CONCATENATE($C83,"_Ln",TEXT($F83,"000"),"_",$G83,"__",$E83) -> UnsubscribedSubscribers_Ln000_DE__UnsubscribedSubscribers | B83: =VLOOKUP($D83,Activities!$D:$G,3,FALSE) -> SQL | C83: =VLOOKUP($D83,Activities!$D:$G,2,FALSE) -> UnsubscribedSubscribers | D83: 35.1__UnsubscribedSubscribers__SQL | E83: UnsubscribedSubscribers | F83: 0 | G83: DE | H83: TargetDE | I83: SQL | J83: Overwrite | K83: TargetDE
A84: =CONCATENATE($C84,"_Ln",TEXT($F84,"000"),"_",$G84,"__",$E84) -> UnsubscribedSubscribers_Ln002_DV___Subscribers | B84: =VLOOKUP($D84,Activities!$D:$G,3,FALSE) -> SQL | C84: =VLOOKUP($D84,Activities!$D:$G,2,FALSE) -> UnsubscribedSubscribers | D84: 35.1__UnsubscribedSubscribers__SQL | E84: _Subscribers | F84: 2 | G84: DV | H84: Source | I84: SQL | J84: FROM | K84: PrimarySource
A85: =CONCATENATE($C85,"_Ln",TEXT($F85,"000"),"_",$G85,"__",$E85) -> Add_PrimaryEmailRecords_To_OptOut_From_Sales_Cloud_Ln000_DE__ Unsubscribe_Record_From_Sales_Cloud | B85: =VLOOKUP($D85,Activities!$D:$G,3,FALSE) -> SQL | C85: =VLOOKUP($D85,Activities!$D:$G,2,FALSE) -> Add_PrimaryEmailRecords_To_OptOut_From_Sales_Cloud | D85: 37.1__Add_PrimaryEmailRecords_To_OptOut_From_Sales_Cloud__SQL | E85: Unsubscribe_Record_From_Sales_Cloud | F85: 0 | G85: DE | H85: TargetDE | I85: SQL | J85: Overwrite | K85: TargetDE
A86: =CONCATENATE($C86,"_Ln",TEXT($F86,"000"),"_",$G86,"__",$E86) -> Add_PrimaryEmailRecords_To_OptOut_From_Sales_Cloud_Ln007_DE__Unsubscribe_Record | B86: =VLOOKUP($D86,Activities!$D:$G,3,FALSE) -> SQL | C86: =VLOOKUP($D86,Activities!$D:$G,2,FALSE) -> Add_PrimaryEmailRecords_To_OptOut_From_Sales_Cloud | D86: 37.1__Add_PrimaryEmailRecords_To_OptOut_From_Sales_Cloud__SQL | E86: Unsubscribe_Record | F86: 7 | G86: DE | H86: source | I86: SQL | J86: FROM | K86: PrimarySource
A87: =CONCATENATE($C87,"_Ln",TEXT($F87,"000"),"_",$G87,"__",$E87) -> Update_Associated_Email_From_All_Subscribers_Ln000_DE__Unsubscribe_Record | B87: =VLOOKUP($D87,Activities!$D:$G,3,FALSE) -> SQL | C87: =VLOOKUP($D87,Activities!$D:$G,2,FALSE) -> Update_Associated_Email_From_All_Subscribers | D87: 38.1__Update_Associated_Email_From_All_Subscribers__SQL | E87: Unsubscribe_Record | F87: 0 | G87: DE | H87: TargetDE | I87: SQL | J87: Update | K87: TargetDE
A88: =CONCATENATE($C88,"_Ln",TEXT($F88,"000"),"_",$G88,"__",$E88) -> Update_Associated_Email_From_All_Subscribers_Ln015_SDE__ContactPointEmail_Salesforce_5 | B88: =VLOOKUP($D88,Activities!$D:$G,3,FALSE) -> SQL | C88: =VLOOKUP($D88,Activities!$D:$G,2,FALSE) -> Update_Associated_Email_From_All_Subscribers | D88: 38.1__Update_Associated_Email_From_All_Subscribers__SQL | E88: ContactPointEmail_Salesforce_5 | F88: 15 | G88: SDE | H88: source | I88: SQL | J88: FROM | K88: PrimarySource
A89: =CONCATENATE($C89,"_Ln",TEXT($F89,"000"),"_",$G89,"__",$E89) -> Update_Associated_Email_From_All_Subscribers_Ln016_DV___Subscribers | B89: =VLOOKUP($D89,Activities!$D:$G,3,FALSE) -> SQL | C89: =VLOOKUP($D89,Activities!$D:$G,2,FALSE) -> Update_Associated_Email_From_All_Subscribers | D89: 38.1__Update_Associated_Email_From_All_Subscribers__SQL | E89: _Subscribers | F89: 16 | G89: DV | H89: Join | I89: SQL | J89: LEFT JOIN | K89: Join | L89: ContactPointEmail_Salesforce_5 | M89: EmailAddress | N89: EmailAddress
A90: =CONCATENATE($C90,"_Ln",TEXT($F90,"000"),"_",$G90,"__",$E90) -> Update_Associated_Email_From_All_Subscribers_Ln018_DE__Unsubscribe_Record | B90: =VLOOKUP($D90,Activities!$D:$G,3,FALSE) -> SQL | C90: =VLOOKUP($D90,Activities!$D:$G,2,FALSE) -> Update_Associated_Email_From_All_Subscribers | D90: 38.1__Update_Associated_Email_From_All_Subscribers__SQL | E90: Unsubscribe_Record | F90: 18 | G90: DE | H90: Join | I90: SQL | J90: Where In | K90: Join | L90: ContactPointEmail_Salesforce_5 | M90: KPMG_Lead_Contact_Id__c | N90: Salesforce_Id
A91: =CONCATENATE($C91,"_Ln",TEXT($F91,"000"),"_",$G91,"__",$E91) -> Unsubscribe_Associated_Email_From_All_Subscribers_Ln000_DE__Unsubscribe_Record_W_AssociatedEmails | B91: =VLOOKUP($D91,Activities!$D:$G,3,FALSE) -> SQL | C91: =VLOOKUP($D91,Activities!$D:$G,2,FALSE) -> Unsubscribe_Associated_Email_From_All_Subscribers | D91: 39.1__Unsubscribe_Associated_Email_From_All_Subscribers__SQL | E91: Unsubscribe_Record_W_AssociatedEmails | F91: 0 | G91: DE | H91: TargetDE | I91: SQL | J91: Overwrite | K91: TargetDE
A92: =CONCATENATE($C92,"_Ln",TEXT($F92,"000"),"_",$G92,"__",$E92) -> Unsubscribe_Associated_Email_From_All_Subscribers_Ln018_DE__Unsubscribe_Record | B92: =VLOOKUP($D92,Activities!$D:$G,3,FALSE) -> SQL | C92: =VLOOKUP($D92,Activities!$D:$G,2,FALSE) -> Unsubscribe_Associated_Email_From_All_Subscribers | D92: 39.1__Unsubscribe_Associated_Email_From_All_Subscribers__SQL | E92: Unsubscribe_Record | F92: 18 | G92: DE | H92: Source | I92: SQL | J92: FROM | K92: PrimarySource
A93: =CONCATENATE($C93,"_Ln",TEXT($F93,"000"),"_",$G93,"__",$E93) -> Unsubscribe_Associated_Email_From_All_Subscribers_Ln020_DV___Subscribers | B93: =VLOOKUP($D93,Activities!$D:$G,3,FALSE) -> SQL | C93: =VLOOKUP($D93,Activities!$D:$G,2,FALSE) -> Unsubscribe_Associated_Email_From_All_Subscribers | D93: 39.1__Unsubscribe_Associated_Email_From_All_Subscribers__SQL | E93: _Subscribers | F93: 20 | G93: DV | H93: Join | I93: SQL | J93: LEFT JOIN | K93: Join | L93: Unsubscribe_Record | M93: SubscriberKey | N93: SubscriberKey
A94: =CONCATENATE($C94,"_Ln",TEXT($F94,"000"),"_",$G94,"__",$E94) -> Update_PrimaryEmailRecords_From_Unsubscribe_Record_Ln000_DE__Unsubscribe_Record_W_AssociatedEmails | B94: =VLOOKUP($D94,Activities!$D:$G,3,FALSE) -> SQL | C94: =VLOOKUP($D94,Activities!$D:$G,2,FALSE) -> Update_PrimaryEmailRecords_From_Unsubscribe_Record | D94: 43.1__Update_PrimaryEmailRecords_From_Unsubscribe_Record__SQL | E94: Unsubscribe_Record_W_AssociatedEmails | F94: 0 | G94: DE | H94: TargetDE | I94: SQL | J94: update | K94: TargetDE
A95: =CONCATENATE($C95,"_Ln",TEXT($F95,"000"),"_",$G95,"__",$E95) -> Update_PrimaryEmailRecords_From_Unsubscribe_Record_Ln008_DE__Unsubscribe_Record | B95: =VLOOKUP($D95,Activities!$D:$G,3,FALSE) -> SQL | C95: =VLOOKUP($D95,Activities!$D:$G,2,FALSE) -> Update_PrimaryEmailRecords_From_Unsubscribe_Record | D95: 43.1__Update_PrimaryEmailRecords_From_Unsubscribe_Record__SQL | E95: Unsubscribe_Record | F95: 8 | G95: DE | H95: Source | I95: SQL | J95: FROM | K95: PrimarySource
A96: =CONCATENATE($C96,"_Ln",TEXT($F96,"000"),"_",$G96,"__",$E96) -> Update_PrimaryEmailRecords_From_Unsubscribe_Record_Ln009_DE__Unsubscribe_Record_W_AssociatedEmails | B96: =VLOOKUP($D96,Activities!$D:$G,3,FALSE) -> SQL | C96: =VLOOKUP($D96,Activities!$D:$G,2,FALSE) -> Update_PrimaryEmailRecords_From_Unsubscribe_Record | D96: 43.1__Update_PrimaryEmailRecords_From_Unsubscribe_Record__SQL | E96: Unsubscribe_Record_W_AssociatedEmails | F96: 9 | G96: DE | H96: Join | I96: SQL | J96: Where In | K96: Join | L96: Unsubscribe_Record | M96: SubscriberKey | N96: SubscriberKey
A97: =CONCATENATE($C97,"_Ln",TEXT($F97,"000"),"_",$G97,"__",$E97) -> Update_Unsubscriber_Preferences_Email_Ln000_DE__Unsubscriber_Preferences_Email | B97: =VLOOKUP($D97,Activities!$D:$G,3,FALSE) -> SQL | C97: =VLOOKUP($D97,Activities!$D:$G,2,FALSE) -> Update_Unsubscriber_Preferences_Email | D97: 45.1__Update_Unsubscriber_Preferences_Email__SQL | E97: Unsubscriber_Preferences_Email | F97: 0 | G97: DE | H97: TargetDE | I97: SQL | J97: update | K97: TargetDE
A98: =CONCATENATE($C98,"_Ln",TEXT($F98,"000"),"_",$G98,"__",$E98) -> Update_Unsubscriber_Preferences_Email_Ln029_DE__Subscriber_Preferences_Email | B98: =VLOOKUP($D98,Activities!$D:$G,3,FALSE) -> SQL | C98: =VLOOKUP($D98,Activities!$D:$G,2,FALSE) -> Update_Unsubscriber_Preferences_Email | D98: 45.1__Update_Unsubscriber_Preferences_Email__SQL | E98: Subscriber_Preferences_Email | F98: 29 | G98: DE | H98: Source | I98: SQL | J98: FROM | K98: PrimarySource
A99: =CONCATENATE($C99,"_Ln",TEXT($F99,"000"),"_",$G99,"__",$E99) -> Update_Unsubscriber_Preferences_Email_Ln031_DE__Unsubscribe_Record_W_AssociatedEmails | B99: =VLOOKUP($D99,Activities!$D:$G,3,FALSE) -> SQL | C99: =VLOOKUP($D99,Activities!$D:$G,2,FALSE) -> Update_Unsubscriber_Preferences_Email | D99: 45.1__Update_Unsubscriber_Preferences_Email__SQL | E99: Unsubscribe_Record_W_AssociatedEmails | F99: 31 | G99: DE | H99: Join | I99: SQL | J99: RIGHT JOIN | K99: Join | L99: Subscriber_Preferences_Email | M99: EmailAddress | N99: EmailAddress
A100: =CONCATENATE($C100,"_Ln",TEXT($F100,"000"),"_",$G100,"__",$E100) -> Update_Unsubscriber_Preferences_Email_Ln033_SDE__Lead_Salesforce_5 | B100: =VLOOKUP($D100,Activities!$D:$G,3,FALSE) -> SQL | C100: =VLOOKUP($D100,Activities!$D:$G,2,FALSE) -> Update_Unsubscriber_Preferences_Email | D100: 45.1__Update_Unsubscriber_Preferences_Email__SQL | E100: Lead_Salesforce_5 | F100: 33 | G100: SDE | H100: Join | I100: SQL | J100: LEFT JOIN | K100: Join | L100: Unsubscribe_Record_W_AssociatedEmails | M100: Id | N100: Salesforce_ID
...

Sheet Automation Improvement Ideas
A1: IdeaID | B1: Target Automation / Query Name | C1: Component Type | D1: Current Pain Point / Redundancy | E1: Proposed Optimization | F1: Estimated Value & Business Impact | G1: Complexity | H1: Priority | I1: Proposed By | J1: Status
A2: OPT-001 | B2: A09B__Consent-Consent Updates | C2: SQL Query | D2: Steps 11.1 and 12.1 append to Audit_Preferences sequentially. | E2: Consolidate into a single SQL step utilizing a UNION ALL or left joins. | F2: Reduces Automation Step count, lowers processing time by ~3 minutes. | G2: Low | H2: High | I2: Ajeet Singh | J2: Under Review
A3: OPT-002 | B3: CentralizedFormProcessor-Extract | C3: Script Activity | D3: Executes repetitive lookup API calls inside a loop. | E3: Refactor looping script to leverage unified Content Blocks or WSProxy. | F3: Reduces Salesforce API limits footprint and downstream timeouts. | G3: Medium | H3: Medium | I3: Varsha Shelar | J3: Backlog

Sheet REFERENCE
A3: A_StartingSource | C3: ACTType | E3: ActID | F3: ActivityName | H3: DataType | I3: DataTypeID | J3: Column1 | L3: AutoID | M3: Automation Name | N3: AutomationTitle
A4: Schedule | C4: SQL | E4: {=_xlfn._xlws.SORT(_xlfn.UNIQUE(_xlfn._xlws.FILTER(Activities[ActID],Activities[ActID]<>"","")))} -> A_00.0_ | F4: {=_xlfn._xlws.SORT(_xlfn.UNIQUE(_xlfn._xlws.FILTER(Activities[ActivityName],Activities[ActivityName]<>"","")))} -> 1_Click_Unsubscribe_Remove_From_Subscriber_Preferences_Email_DE | H4: Salesforce Object | I4: OBJ | L4: {=_xlfn._xlws.SORT(_xlfn.UNIQUE(_xlfn._xlws.FILTER(Automations[AutoID],Automations[AutoID]<>"","")))} -> 01A | M4: {=_xlfn._xlws.SORT(_xlfn.UNIQUE(_xlfn._xlws.FILTER(Automations[Automation Name],Automations[Automation Name]<>"","")))} -> Admin-AuditLogMCFTP | N4: {=_xlfn._xlws.SORT(_xlfn.UNIQUE(_xlfn._xlws.FILTER(Automations[AutomationTitle],Automations[AutomationTitle]<>"","")))} -> A0000__Admin-AuditLogMCFTP
A5: FileDrop | C5: SCRIPT | E5: A09B_01.1_SQL | F5: Consent-ExpiredUnsubscribeAllLinkClicks | H5: Data Extension | I5: DE | L5: 09B | M5: Admin-AuditTrailMaster | N5: A0000__Admin-AuditTrailMaster
A6: Trigger | C6: EXTRACT | E6: A09B_02.1_SQL | F6: ConsentUpdates-ExpiredUnsubscribeLinkClicks_DataExtract | H6: WSProxy/API | I6: API | M6: Admin-AutomationMetadataReport | N6: A0000__Admin-AutomationMetadataReport
C7: SYSTEM | E7: A09B_03.1_Script | F7: Optin_from_Unsubscribe_From_All_Preferences | H7: Shared Data Extension | I7: SDE | M7: Admin-CLUfrom4BUs_CwoCA | N7: A0000__Admin-CLUfrom4BUs_CwoCA
C8: TRANSFER | E8: A09B_04.1_SQL | F8: 1_Click_Unsubscribe_IFD_OptintoOptOut | M8: Admin-ContactsWithoutChannelAddresses | N8: A0000__Admin-ContactsWithoutChannelAddresses
C9: IMPORT | E9: A09B_05.1_DataExtract | F9: Add 1-Click_Unsubscribe_To_RecordKeeper | M9: Admin-CRMAHealthCheck | N9: A0000__Admin-CRMAHealthCheck
C10: WAIT | E10: A09B_06.1_FileTransfer | F10: Add_Opt_Out_To_Audit_Preferences_From_Unsubscribe_From_All_DE | M10: Admin-DataView_General | N10: A0000__Admin-DataView_General
C11: VERIF | E11: A09B_07.1_DataImport | F11: Add_Opt_Out_To_Audit_Preferences_From_Unsubscribe_Pref_Email | M11: Admin-DEArchive | N11: A0000__Admin-DEArchive
E12: A09B_08.1_SQL | F12: Add_PrimaryEmailRecords_To_OptOut_From_Sales_Cloud | M12: Admin-DEsForDataCloudPOC | N12: A0000__Admin-DEsForDataCloudPOC
E13: A09B_09.1_SCRIPT | F13: Add_Sales_Cloud_Active_To_Audit_Preferences_For_Contacts | M13: Admin-DEV-DataViewsDaily | N13: A0000__Admin-DEV-DataViewsDaily
E14: A09B_10.1_SQL | F14: Add_Sales_Cloud_Active_To_Audit_Preferences_For_Leads | M14: Admin-EmailEngagedActivities_Cleanup | N14: A0000__Admin-EmailEngagedActivities_Cleanup
E15: A09B_11.1_SQL | F15: Add_Sales_Cloud_Active_To_Record_Keeper | M15: Admin-MCUsersDeactivatedNotification | N15: A0000__Admin-MCUsersDeactivatedNotification
E16: A09B_12.1_SQL | F16: Add_Sales_Cloud_Unsubscribe_To_RecordKeeper_Unsub_From_All_DE | M16: Admin-MetaDataCopy | N16: A0000__Admin-MetaDataCopy
E17: A09B_13.1_SQL | F17: Add_Sales_Cloud_Unsubscribe_To_RecordKeeper_Unsub_Pref_Email_DE | M17: Admin-NonEmailEngagedActivities_Cleanup | N17: A0000__Admin-NonEmailEngagedActivities_Cleanup
E18: A09B_14.1_WAIT | F18: Add_Unsubscribe_To_Audit_Preferences_From_Unsubscribe_Pref_Email | M18: Admin-NonEmailEngagedActivities-ArchivedCampaignValidateV1 | N18: A0000__Admin-NonEmailEngagedActivities-ArchivedCampaignValidateV1
E19: A09B_15.1_SQL | F19: Add_Unsubscribes_To_Audit_Preferences_From_Unsubscribe_From_All | M19: Admin-Reset_HeldActiveInvalidEmailMarketingCloud | N19: A0000__Admin-Reset_HeldActiveInvalidEmailMarketingCloud
E20: A09B_16.1_SQL | F20: Consent_Status_Pending | M20: AutomatedDeletion-DERecycleBinItems | N20: A0000__AutomatedDeletion-DERecycleBinItems
E21: A09B_17.1_SQL | F21: Consent_Status_Update | M21: AutomationName | N21: A0000__Campaign-General
E22: A09B_18.1_DataExtract | F22: Consent-UpdateProcessedData | M22: Campaign-General | N22: A0000__CampaignMember-CampaignHierarchyRollupCampaignMemberAdditions
E23: A09B_19.1_FileTransfer | F23: ConsentUpdates-ExpiredUnsubscribeLinkClicks_SubscriberImport | M23: CampaignMember-CampaignHierarchyRollupCampaignMemberAdditions | N23: A0000__CampaignMember-General
... E52: A09B_48.1_SQL | F52: WAIT - 5 MIN | M52: LinkedIn-FilterDEs | N52: A0000__LinkedIn-LeadsCollection
E53: A09B_49.1_SCRIPT | M53: LinkedIn-LeadsCollection | N53: A0000__LinkedIn-RefreshAccessToken
E54: A09B_50.1_SQL | M54: LinkedIn-RefreshAccessToken | N54: A0000__MarketingScore-AllSources
E55: A09B_51.1_SQL | M55: MarketingScore-AllSources | N55: A0000__Preference-AuditPreferenceEnrollmentUpdate
E56: A09B_52.1_SCRIPT | M56: Preference-AuditPreferenceEnrollmentUpdate | N56: A0000__Reporting-Active Handraisers - KPMG US Webform Submissions
E57: A09B_53.1_VERIF | M57: Reporting-Active Handraisers - KPMG US Webform Submissions | N57: A0000__Reporting-AllianceMarketing_UpdateMasterDE
M58: Reporting-AllianceMarketing_UpdateMasterDE | N58: A0000__Reporting-AlumniIneligibleDeceased_Import
M59: Reporting-AlumniIneligibleDeceased_Import | N59: A0000__Reporting-CCSTracker_UpdateMasterDE
M60: Reporting-CCSTracker_UpdateMasterDE | N60: A0000__Reporting-CMO-UpdateMasterDE
M61: Reporting-CMO-UpdateMasterDE | N61: A0000__Reporting-ConsumerGoodsTechnology-CGT-UpdateMasterDE
M62: Reporting-ConsumerGoodsTechnology-CGT-UpdateMasterDE | N62: A0000__Reporting-DemandWorks_UpdateMasterDE
M63: Reporting-DemandWorks_UpdateMasterDE | N63: A0000__Reporting-EloquaOrganic_UpdateMasterDE
M64: Reporting-EloquaOrganic_UpdateMasterDE | N64: A0000__Reporting-EmailEngagedActivities
M65: Reporting-EmailEngagedActivities | N65: A0000__Reporting-Entrepreneur_UpdateMasterDE
M66: Reporting-Entrepreneur_UpdateMasterDE | N66: A0000__Reporting-Erepublic_UpdateMasterDE
M67: Reporting-Erepublic_UpdateMasterDE | N67: A0000__Reporting-ExeEdu-OnlineClassCompletion
M68: Reporting-ExeEdu-OnlineClassCompletion | N68: A0000__Reporting-ExeEdu-Registration
M69: Reporting-ExeEdu-Registration | N69: A0000__Reporting-Facebook-FormSubmit
... M153: SyncDE-InternationalCounts | N153: A01A__AutomationName
N154: A09B__Consent-Consent Updates

Sheet Followup

Sheet Activities
A1: ActivityTitle | B1: ActID | C1: Step | D1: ActName | E1: ActivityName | F1: ActType | G1: AutomationTitle | H1: Annotations | I1: . | J1: ActKey | K1: ActLocation | L1: ActDesc | M1: AutoID | N1: .. | O1: TargetDE | P1: DataAction | Q1: PrimarySource | R1: FileName | S1: SFTPFolder | T1: AlertEmails2
A2: =CONCATENATE("A",M2,"_",C2,"_",F2,"_",E2) -> A09B_1.1_SQL_Flip_Unsubscribe_To_Active_For_Lead | B2: =CONCATENATE("A",Activities[[#This Row],[AutoID]],"_",TEXT(Activities[[#This Row],[Step]],"##00.0"),"_",Activities[[#This Row],[ActType]]) -> A09B_01.1_SQL | C2: 1.1 | D2: =CONCATENATE(Activities[[#This Row],[Step]],"__",Activities[[#This Row],[ActivityName]],"__",Activities[[#This Row],[ActType]]) -> 1.1__Flip_Unsubscribe_To_Active_For_Lead__SQL | E2: Flip_Unsubscribe_To_Active_For_Lead | F2: SQL | G2: A09B__Consent-Consent Updates | H2: This query retrieves records of leads who have an Opt In or Opt In Pending consent status in Sales Cloud, ensuring that their consent capture date is more recent than their last unsubscribe activity. | I2: . | J2: 4E65F724-8F10-41E4-995E-E0A1B2FB4188 | K2: Query/09. Preference/Preference-ConsentUpdates | M2: 09B | N2: . | O2: Flip_All_Subscriber_Unsubscribe_to_Active | P2: Overwrite | Q2: KPMG_Individual_Firm_Details__c_Salesforce_3
A3: =CONCATENATE("A",M3,"_",C3,"_",F3,"_",E3) -> A09B_2.1_SQL_Flip_Unsubscribe_To_Active_For_Contact | B3: =CONCATENATE("A",Activities[[#This Row],[AutoID]],"_",TEXT(Activities[[#This Row],[Step]],"##00.0"),"_",Activities[[#This Row],[ActType]]) -> A09B_02.1_SQL | C3: 2.1 | D3: =CONCATENATE(Activities[[#This Row],[Step]],"__",Activities[[#This Row],[ActivityName]],"__",Activities[[#This Row],[ActType]]) -> 2.1__Flip_Unsubscribe_To_Active_For_Contact__SQL | E3: Flip_Unsubscribe_To_Active_For_Contact | F3: SQL | G3: A09B__Consent-Consent Updates | H3: This query retrieves records of contacts who have Opt In or Opt In Pending consent status in Sales Cloud, ensuring that their consent capture date is more recent than their last unsubscribe activity. | I3: . | J3: F1C78A7E-C45B-477C-9D16-7623EB1BAF51 | K3: Query/09. Preference/Preference-ConsentUpdates | M3: 09B | N3: . | O3: Flip_All_Subscriber_Unsubscribe_to_Active | P3: Update | Q3: KPMG_Individual_Firm_Details__c_Salesforce_3
A4: =CONCATENATE("A",M4,"_",C4,"_",F4,"_",E4) -> A09B_3.1_Script_DeleteFromAutoSuppressionList | B4: =CONCATENATE("A",Activities[[#This Row],[AutoID]],"_",TEXT(Activities[[#This Row],[Step]],"##00.0"),"_",Activities[[#This Row],[ActType]]) -> A09B_03.1_Script | C4: 3.1 | D4: =CONCATENATE(Activities[[#This Row],[Step]],"__",Activities[[#This Row],[ActivityName]],"__",Activities[[#This Row],[ActType]]) -> 3.1__DeleteFromAutoSuppressionList__Script | E4: DeleteFromAutoSuppressionList | F4: Script | G4: A09B__Consent-Consent Updates | H4: Deletes email addresses from the Global Auto Suppression List when their Consent Status in Sales Cloud changes to Opt-In or Opt-In Pending. | I4: . | J4: c3c1fad6-c526-4bfc-810d-244e80a4873e | K4: Scripts | M4: 09B | N4: . | O4: Global_Suppression_List | P4: Delete | Q4: DE557EE5-8DD3-427F-8971-FECDA988830C
A5: =CONCATENATE("A",M5,"_",C5,"_",F5,"_",E5) -> A09B_4.1_SQL_Final_Flip_All_Subscribers_To_Unsubscribe_To_Active | B5: =CONCATENATE("A",Activities[[#This Row],[AutoID]],"_",TEXT(Activities[[#This Row],[Step]],"##00.0"),"_",Activities[[#This Row],[ActType]]) -> A09B_04.1_SQL | C5: 4.1 | D5: =CONCATENATE(Activities[[#This Row],[Step]],"__",Activities[[#This Row],[ActivityName]],"__",Activities[[#This Row],[ActType]]) -> 4.1__Final_Flip_All_Subscribers_To_Unsubscribe_To_Active__SQL | E5: Final_Flip_All_Subscribers_To_Unsubscribe_To_Active | F5: SQL | G5: A09B__Consent-Consent Updates | H5: This query selects email addresses and subscriber keys from Flip_All_Subscriber_Unsubscribe_to_Active DE and labels each record with a static status of Active. | I5: . | J5: B83D6529-E980-46F9-8D31-2356601FA751 | K5: Query/09. Preference/Preference-ConsentUpdates | L5: This query selects email addresses and subscriber keys from Flip_All_Subscriber_Unsubscribe_to_Active DE and labels each record with a static status of Active. | M5: 09B | N5: . | O5: Final_Flip_All_Subscriber_Unsubscribe_To_Active | P5: Overwrite | Q5: Flip_All_Subscriber_Unsubscribe_to_Active
A6: =CONCATENATE("A",M6,"_",C6,"_",F6,"_",E6) -> A09B_5.1_DataExtract_Final_Flip_All_Subscriber_Unsubscribe_to_Active | B6: =CONCATENATE("A",Activities[[#This Row],[AutoID]],"_",TEXT(Activities[[#This Row],[Step]],"##00.0"),"_",Activities[[#This Row],[ActType]]) -> A09B_05.1_DataExtract | C6: 5.1 | D6: =CONCATENATE(Activities[[#This Row],[Step]],"__",Activities[[#This Row],[ActivityName]],"__",Activities[[#This Row],[ActType]]) -> 5.1__Final_Flip_All_Subscriber_Unsubscribe_to_Active__DataExtract | E6: Final_Flip_All_Subscriber_Unsubscribe_to_Active | F6: DataExtract | G6: A09B__Consent-Consent Updates | H6: Extract records from Final_Flip_All_Subscriber_Unsubscribe_to_Active. | I6: . | J6: 2BEFA88C-6031-40C4-AEBE-F6EBBA934167 | L6: Extract records from Final_Flip_All_Subscriber_Unsubscribe_to_Active | M6: 09B | N6: . | O6: FILE | P6: Data Extension Extract | Q6: 83E395BE-50BB-4774-9BA6-3D99B3DE3DAD | R6: Final_Flip_All_Subscriber_Unsubscribe_To_Active.csv | S6: Safehouse
A7: =CONCATENATE("A",M7,"_",C7,"_",F7,"_",E7) -> A09B_6.1_FileTransfer_Final_Flip_All_Subscriber_Unsubscribe_to_Active _o _FTP | B7: =CONCATENATE("A",Activities[[#This Row],[AutoID]],"_",TEXT(Activities[[#This Row],[Step]],"##00.0"),"_",Activities[[#This Row],[ActType]]) -> A09B_06.1_FileTransfer | C7: 6.1 | D7: =CONCATENATE(Activities[[#This Row],[Step]],"__",Activities[[#This Row],[ActivityName]],"__",Activities[[#This Row],[ActType]]) -> 6.1__Final_Flip_All_Subscriber_Unsubscribe_to_Active _o _FTP__FileTransfer | E7: Final_Flip_All_Subscriber_Unsubscribe_to_Active _o _FTP | F7: FileTransfer | G7: A09B__Consent-Consent Updates | H7: FTP Final_Flip_All_Subscriber_Unsubscribe_to_Active.csv file transfer | I7: . | J7: 5b3abdae-fa3c-466f-8da6-7a34e32a212d | M7: 09B | N7: . | O7: FILE | P7: Move a File From Safehouse | Q7: Final_Flip_All_Subscriber_Unsubscribe_To_Active.csv | R7: Final_Flip_All_Subscriber_Unsubscribe_To_Active.csv | S7: KPMG SFTP Outgoing
A8: =CONCATENATE("A",M8,"_",C8,"_",F8,"_",E8) -> A09B_7.1_DataImport_Flip_All_Subscriber_Unsubscribe_to_Active | B8: =CONCATENATE("A",Activities[[#This Row],[AutoID]],"_",TEXT(Activities[[#This Row],[Step]],"##00.0"),"_",Activities[[#This Row],[ActType]]) -> A09B_07.1_DataImport | C8: 7.1 | D8: =CONCATENATE(Activities[[#This Row],[Step]],"__",Activities[[#This Row],[ActivityName]],"__",Activities[[#This Row],[ActType]]) -> 7.1__Flip_All_Subscriber_Unsubscribe_to_Active__DataImport | E8: Flip_All_Subscriber_Unsubscribe_to_Active | F8: DataImport | G8: A09B__Consent-Consent Updates | H8: Importing records to destination from ftp in All Subscribers List. | I8: . | J8: 16CA12A3-35CA-4103-9C8F-5CA92BE289BB | L8: Importing records to destination from ftp. | M8: 09B | N8: . | O8: "All Subscribers" (Subscriber List) | P8: Import_Update Only | Q8: Final_Flip_All_Subscriber_Unsubscribe_To_Active.csv | R8: Final_Flip_All_Subscriber_Unsubscribe_To_Active.csv | T8: NONE
A9: =CONCATENATE("A",M9,"_",C9,"_",F9,"_",E9) -> A09B_8.1_SQL_ Optin_from_Unsubscribe_From_All_Preferences | B9: =CONCATENATE("A",Activities[[#This Row],[AutoID]],"_",TEXT(Activities[[#This Row],[Step]],"##00.0"),"_",Activities[[#This Row],[ActType]]) -> A09B_08.1_SQL | C9: 8.1 | D9: =CONCATENATE(Activities[[#This Row],[Step]],"__",Activities[[#This Row],[ActivityName]],"__",Activities[[#This Row],[ActType]]) -> 8.1__ Optin_from_Unsubscribe_From_All_Preferences__SQL | E9: Optin_from_Unsubscribe_From_All_Preferences | F9: SQL | G9: A09B__Consent-Consent Updates | H9: Populate the Optin Records from Unsubscribe_From_All_Preferences DE | I9: . | J9: E10E206B-7F45-4092-80DD-D5BEC1E82CED | K9: Query/09. Preference/Preference-ConsentUpdates | M9: 09B | N9: . | O9: Remove_Optin_Records_From_UnsubscribeFromAllPreferences | P9: Overwrite | Q9: Flip_All_Subscriber_Unsubscribe_to_Active
A10: =CONCATENATE("A",M10,"_",C10,"_",F10,"_",E10) -> A09B_9.1_SCRIPT_Delete_Optin_UnsubAll | B10: =CONCATENATE("A",Activities[[#This Row],[AutoID]],"_",TEXT(Activities[[#This Row],[Step]],"##00.0"),"_",Activities[[#This Row],[ActType]]) -> A09B_09.1_SCRIPT | C10: 9.1 | D10: =CONCATENATE(Activities[[#This Row],[Step]],"__",Activities[[#This Row],[ActivityName]],"__",Activities[[#This Row],[ActType]]) -> 9.1__Delete_Optin_UnsubAll__SCRIPT | E10: Delete_Optin_UnsubAll | F10: SCRIPT | G10: A09B__Consent-Consent Updates | H10: Delete the records from Unsubscribe_From_All_Preferences DE | I10: . | J10: ec56d06d-55c0-4f9e-bdeb-4bdde2448ed4 | K10: Scripts/09. Preference/Consent Updates | M10: 09B | N10: . | O10: Unsubscribe_From_All_Preferences | P10: Delete/Update | Q10: 04F6B6B9-48F0-4DC9-B69C-C434A0ABC33F
A11: =CONCATENATE("A",M11,"_",C11,"_",F11,"_",E11) -> A09B_10.1_SQL_Remaining_OptIn_Records_From_Unsubscribe | B11: =CONCATENATE("A",Activities[[#This Row],[AutoID]],"_",TEXT(Activities[[#This Row],[Step]],"##00.0"),"_",Activities[[#This Row],[ActType]]) -> A09B_10.1_SQL | C11: 10.1 | D11: =CONCATENATE(Activities[[#This Row],[Step]],"__",Activities[[#This Row],[ActivityName]],"__",Activities[[#This Row],[ActType]]) -> 10.1__Remaining_OptIn_Records_From_Unsubscribe__SQL | E11: Remaining_OptIn_Records_From_Unsubscribe | F11: SQL | G11: A09B__Consent-Consent Updates | I11: . | J11: 9DBA23DE-D0EE-4492-9E98-FF6E31722933 | K11: Query/09. Preference | M11: 09B | N11: . | O11: Remaining_Optin_Records_From_UnsubscribeFromAllPreferences | P11: Overwrite | Q11: Remove_Optin_Records_From_UnsubscribeFromAllPreferences
A12: =CONCATENATE("A",M12,"_",C12,"_",F12,"_",E12) -> A09B_11.1_SQL_Add_Sales_Cloud_Active_To_Audit_Preferences_For_Leads | B12: =CONCATENATE("A",Activities[[#This Row],[AutoID]],"_",TEXT(Activities[[#This Row],[Step]],"##00.0"),"_",Activities[[#This Row],[ActType]]) -> A09B_11.1_SQL | C12: 11.1 | D12: =CONCATENATE(Activities[[#This Row],[Step]],"__",Activities[[#This Row],[ActivityName]],"__",Activities[[#This Row],[ActType]]) -> 11.1__Add_Sales_Cloud_Active_To_Audit_Preferences_For_Leads__SQL | E12: Add_Sales_Cloud_Active_To_Audit_Preferences_For_Leads | F12: SQL | G12: A09B__Consent-Consent Updates | H12: This query adds records of leads who opt in via Sales Cloud to the Audit_Preferences DE. | I12: . | J12: 1BD881AD-854D-496B-977B-18FE23DF8D40 | K12: Query/09. Preference/Preference-ConsentUpdates | L12: This query adds records of leads who opt in via Sales Cloud to the Audit_Preferences DE. | M12: 09B | N12: . | O12: Audit_Preferences | P12: Append | Q12: Flip_All_Subscriber_Unsubscribe_to_Active
A13: =CONCATENATE("A",M13,"_",C13,"_",F13,"_",E13) -> A09B_12.1_SQL_Add_Sales_Cloud_Active_To_Audit_Preferences_For_Contacts | B13: =CONCATENATE("A",Activities[[#This Row],[AutoID]],"_",TEXT(Activities[[#This Row],[Step]],"##00.0"),"_",Activities[[#This Row],[ActType]]) -> A09B_12.1_SQL | C13: 12.1 | D13: =CONCATENATE(Activities[[#This Row],[Step]],"__",Activities[[#This Row],[ActivityName]],"__",Activities[[#This Row],[ActType]]) -> 12.1__Add_Sales_Cloud_Active_To_Audit_Preferences_For_Contacts__SQL | E13: Add_Sales_Cloud_Active_To_Audit_Preferences_For_Contacts | F13: SQL | G13: A09B__Consent-Consent Updates | H13: This query adds records of contacts who opt in via Sales Cloud to the Audit_Preferences DE. | I13: . | J13: 3F83A884-CDA2-475B-9807-0503D877980E | K13: Query/09. Preference/Preference-ConsentUpdates | L13: This query adds records of contacts who opt in via Sales Cloud to the Audit_Preferences DE. | M13: 09B | N13: . | O13: Audit_Preferences | P13: Append | Q13: Flip_All_Subscriber_Unsubscribe_to_Active
A14: =CONCATENATE("A",M14,"_",C14,"_",F14,"_",E14) -> A09B_13.1_SQL_Add_Sales_Cloud_Active_To_Record_Keeper | B14: =CONCATENATE("A",Activities[[#This Row],[AutoID]],"_",TEXT(Activities[[#This Row],[Step]],"##00.0"),"_",Activities[[#This Row],[ActType]]) -> A09B_13.1_SQL | C14: 13.1 | D14: =CONCATENATE(Activities[[#This Row],[Step]],"__",Activities[[#This Row],[ActivityName]],"__",Activities[[#This Row],[ActType]]) -> 13.1__Add_Sales_Cloud_Active_To_Record_Keeper__SQL | E14: Add_Sales_Cloud_Active_To_Record_Keeper | F14: SQL | G14: A09B__Consent-Consent Updates | H14: This query adds records of subscribers who opt in via Sales Cloud to the ConsentUpdates_Recordkeeper DE | I14: . | J14: C7E06ED8-0E17-44E3-AC44-5B26C3825C90 | K14: Query/09. Preference/Preference-ConsentUpdates | L14: This query adds records of subscribers who opt in via Sales Cloud to the ConsentUpdates_Recordkeeper DE | M14: 09B | N14: . | O14: ConsentUpdates_Recordkeeper | P14: Append | Q14: Flip_All_Subscriber_Unsubscribe_to_Active
A15: =CONCATENATE("A",M15,"_",C15,"_",F15,"_",E15) -> A09B_14.1_WAIT_WAIT - 5 MIN | B15: =CONCATENATE("A",Activities[[#This Row],[AutoID]],"_",TEXT(Activities[[#This Row],[Step]],"##00.0"),"_",Activities[[#This Row],[ActType]]) -> A09B_14.1_WAIT | C15: 14.1 | D15: =CONCATENATE(Activities[[#This Row],[Step]],"__",Activities[[#This Row],[ActivityName]],"__",Activities[[#This Row],[ActType]]) -> 14.1__WAIT - 5 MIN__WAIT | E15: WAIT - 5 MIN | F15: WAIT | G15: A09B__Consent-Consent Updates | I15: . | J15: N/A | K15: N/A | L15: N/A | M15: 09B | N15: . | O15: N/A | P15: N/A | Q15: N/A
A16: =CONCATENATE("A",M16,"_",C16,"_",F16,"_",E16) -> A09B_15.1_SQL_Flip_Active_To_Unsubscribe_For_Lead | B16: =CONCATENATE("A",Activities[[#This Row],[AutoID]],"_",TEXT(Activities[[#This Row],[Step]],"##00.0"),"_",Activities[[#This Row],[ActType]]) -> A09B_15.1_SQL | C16: 15.1 | D16: =CONCATENATE(Activities[[#This Row],[Step]],"__",Activities[[#This Row],[ActivityName]],"__",Activities[[#This Row],[ActType]]) -> 15.1__Flip_Active_To_Unsubscribe_For_Lead__SQL | E16: Flip_Active_To_Unsubscribe_For_Lead | F16: SQL | G16: A09B__Consent-Consent Updates | H16: This query retrieves records of leads who have an Opt Out consent status in Sales Cloud, ensuring that their consent capture date is not null. | I16: . | J16: D8D21A53-D37E-4F40-9F4B-321E80FDFA52 | K16: Query/09. Preference/Preference-ConsentUpdates | M16: 09B | N16: . | O16: Preferences-Update_Unsubscribed_in_AllSubscribers | P16: Overwrite | Q16: KPMG_Individual_Firm_Details__c_Salesforce_3
A17: =CONCATENATE("A",M17,"_",C17,"_",F17,"_",E17) -> A09B_16.1_SQL_Flip_Active_To_Unsubscribe_For_Contact | B17: =CONCATENATE("A",Activities[[#This Row],[AutoID]],"_",TEXT(Activities[[#This Row],[Step]],"##00.0"),"_",Activities[[#This Row],[ActType]]) -> A09B_16.1_SQL | C17: 16.1 | D17: =CONCATENATE(Activities[[#This Row],[Step]],"__",Activities[[#This Row],[ActivityName]],"__",Activities[[#This Row],[ActType]]) -> 16.1__Flip_Active_To_Unsubscribe_For_Contact__SQL | E17: Flip_Active_To_Unsubscribe_For_Contact | F17: SQL | G17: A09B__Consent-Consent Updates | H17: This query retrieves records of contacts who have Opt Out consent status in Sales Cloud, ensuring that their consent capture date is not null. | I17: . | J17: 52F4B4BD-F015-465E-8481-DA0792C0137F | K17: Query/09. Preference/Preference-ConsentUpdates | M17: 09B | N17: . | O17: Preferences-Update_Unsubscribed_in_AllSubscribers | P17: Update | Q17: KPMG_Individual_Firm_Details__c_Salesforce_3
A18: =CONCATENATE("A",M18,"_",C18,"_",F18,"_",E18) -> A09B_17.1_SQL_Final_Preferences-Update_Unsubscribed_in_AllSubscribers | B18: =CONCATENATE("A",Activities[[#This Row],[AutoID]],"_",TEXT(Activities[[#This Row],[Step]],"##00.0"),"_",Activities[[#This Row],[ActType]]) -> A09B_17.1_SQL | C18: 17.1 | D18: =CONCATENATE(Activities[[#This Row],[Step]],"__",Activities[[#This Row],[ActivityName]],"__",Activities[[#This Row],[ActType]]) -> 17.1__Final_Preferences-Update_Unsubscribed_in_AllSubscribers__SQL | E18: Final_Preferences-Update_Unsubscribed_in_AllSubscribers | F18: SQL | G18: A09B__Consent-Consent Updates | H18: This query selects email addresses and subscriber keys from Preferences-Update_Unsubscribed_in_AllSubscribers DE and labels each record with a static status of Unsubscribed. | I18: . | J18: BBAEDF08-769E-43D5-BEF8-C905C1D65F85 | K18: Query/09. Preference/Preference-ConsentUpdates | L18: This query selects email addresses and subscriber keys from Preferences-Update_Unsubscribed_in_AllSubscribers DE and labels each record with a static status of Unsubscribed. | M18: 09B | N18: . | O18: Final_Preferences-Update_Unsubscribed_in_AllSubscribers | P18: Overwrite | Q18: Preferences-Update_Unsubscribed_in_AllSubscribers
A19: =CONCATENATE("A",M19,"_",C19,"_",F19,"_",E19) -> A09B_18.1_DataExtract_Unsubscribed_in_AllSubscribers_DataExtract | B19: =CONCATENATE("A",Activities[[#This Row],[AutoID]],"_",TEXT(Activities[[#This Row],[Step]],"##00.0"),"_",Activities[[#This Row],[ActType]]) -> A09B_18.1_DataExtract | C19: 18.1 | D19: =CONCATENATE(Activities[[#This Row],[Step]],"__",Activities[[#This Row],[ActivityName]],"__",Activities[[#This Row],[ActType]]) -> 18.1__Unsubscribed_in_AllSubscribers_DataExtract__DataExtract | E19: Unsubscribed_in_AllSubscribers_DataExtract | F19: DataExtract | G19: A09B__Consent-Consent Updates | H19: Extracts records from Preferences-Final_Preferences-Update_Unsubscribed_in_AllSubscribers Data Extension | I19: . | J19: F4F6C89B-018A-4FE8-A8EE-CE48D66BECA6 | L19: Extracts records from Preferences-Update_Unsubscribed_in_AllSubscribers Data Extension | M19: 09B | N19: . | O19: FILE | P19: Data Extension Extract | Q19: 322F755E-7A2E-4E11-A7E6-7284A1469F26 | R19: Active_to_Unsubscribed_in_AllSubscribers.csv
A20: =CONCATENATE("A",M20,"_",C20,"_",F20,"_",E20) -> A09B_19.1_FileTransfer_Unsubscribed_in_AllSubscribers_MoveFile_to_FTP | B20: =CONCATENATE("A",Activities[[#This Row],[AutoID]],"_",TEXT(Activities[[#This Row],[Step]],"##00.0"),"_",Activities[[#This Row],[ActType]]) -> A09B_19.1_FileTransfer | C20: 19.1 | D20: =CONCATENATE(Activities[[#This Row],[Step]],"__",Activities[[#This Row],[ActivityName]],"__",Activities[[#This Row],[ActType]]) -> 19.1__Unsubscribed_in_AllSubscribers_MoveFile_to_FTP__FileTransfer | E20: Unsubscribed_in_AllSubscribers_MoveFile_to_FTP | F20: FileTransfer | G20: A09B__Consent-Consent Updates | H20: FTP Active_to_Unsubscribed_in_AllSubscribers.csv file transfer | I20: . | J20: 11677ca4-d1cc-4868-bcd9-07ad640d8104 | L20: Moves the exported file to FTP | M20: 09B | N20: . | O20: FILE | P20: Move a File From Safehouse | Q20: 322F755E-7A2E-4E11-A7E6-7284A1469F26 | R20: Active_to_Unsubscribed_in_AllSubscribers.csv | S20: KPMG SFTP Outgoing
A21: =CONCATENATE("A",M21,"_",C21,"_",F21,"_",E21) -> A09B_20.1_DataImport_Unsubscribed_in_AllSubscribers_ImportFile | B21: =CONCATENATE("A",Activities[[#This Row],[AutoID]],"_",TEXT(Activities[[#This Row],[Step]],"##00.0"),"_",Activities[[#This Row],[ActType]]) -> A09B_20.1_DataImport | C21: 20.1 | D21: =CONCATENATE(Activities[[#This Row],[Step]],"__",Activities[[#This Row],[ActivityName]],"__",Activities[[#This Row],[ActType]]) -> 20.1__Unsubscribed_in_AllSubscribers_ImportFile__DataImport | E21: Unsubscribed_in_AllSubscribers_ImportFile | F21: DataImport | G21: A09B__Consent-Consent Updates | H21: Importing records to destination from ftp in All Subscribers List. | I21: . | J21: 7103A7AF-8E17-42ED-BC57-6C705164E92B | M21: 09B | N21: . | O21: "All Subscribers" (Subscriber List) | P21: Update Only | Q21: Active_to_Unsubscribed_in_AllSubscribers.csv | R21: Active_to_Unsubscribed_in_AllSubscribers.csv | S21: KPMG SFTP Outgoing | T21: NONE
A22: =CONCATENATE("A",M22,"_",C22,"_",F22,"_",E22) -> A09B_21.1_SQL_Update_Opt_Out_To_Unsubscriber_Preferences_Email | B22: =CONCATENATE("A",Activities[[#This Row],[AutoID]],"_",TEXT(Activities[[#This Row],[Step]],"##00.0"),"_",Activities[[#This Row],[ActType]]) -> A09B_21.1_SQL | C22: 21.1 | D22: =CONCATENATE(Activities[[#This Row],[Step]],"__",Activities[[#This Row],[ActivityName]],"__",Activities[[#This Row],[ActType]]) -> 21.1__Update_Opt_Out_To_Unsubscriber_Preferences_Email__SQL | E22: Update_Opt_Out_To_Unsubscriber_Preferences_Email | F22: SQL | G22: A09B__Consent-Consent Updates | H22: This query updates unenrolled preferences of subscribers that occurred by Sales Cloud into Unsubscriber_Preferences_Email DE. | I22: . | J22: 4810D57E-7A35-42D5-B672-DE4E6C9EC9CC | K22: Query/09. Preference/Preference-ConsentUpdates | L22: This query updates unenrolled preferences of subscribers that occurred by Sales Cloud into Unsubscriber_Preferences_Email DE. | M22: 09B | N22: . | O22: Unsubscriber_Preferences_Email | P22: Update | Q22: Subscriber_Preferences_Email
A23: =CONCATENATE("A",M23,"_",C23,"_",F23,"_",E23) -> A09B_22.1_SQL_Add_Opt_Out_To_Audit_Preferences_From_Unsubscribe_Pref_Email | B23: =CONCATENATE("A",Activities[[#This Row],[AutoID]],"_",TEXT(Activities[[#This Row],[Step]],"##00.0"),"_",Activities[[#This Row],[ActType]]) -> A09B_22.1_SQL | C23: 22.1 | D23: =CONCATENATE(Activities[[#This Row],[Step]],"__",Activities[[#This Row],[ActivityName]],"__",Activities[[#This Row],[ActType]]) -> 22.1__Add_Opt_Out_To_Audit_Preferences_From_Unsubscribe_Pref_Email__SQL | E23: Add_Opt_Out_To_Audit_Preferences_From_Unsubscribe_Pref_Email | F23: SQL | G23: A09B__Consent-Consent Updates | H23: This query adds records of subscribers who unsubscribed via Sales Cloud from Unsubscriber_Preferences_Email DE to the Audit_Preferences DE. | I23: . | J23: 0A265514-2D44-40E7-B316-7B04F006981F | K23: Query/09. Preference/Preference-ConsentUpdates | L23: This query adds records of subscribers who unsubscribed via Sales Cloud from Unsubscriber_Preferences_Email DE to the Audit_Preferences DE. | M23: 09B | N23: . | O23: Audit_Preferences | P23: Append | Q23: Subscriber_Preferences_Email
A24: =CONCATENATE("A",M24,"_",C24,"_",F24,"_",E24) -> A09B_23.1_SQL_Update_Opt_Out_To_Unsubscriber_From_All_Preferences | B24: =CONCATENATE("A",Activities[[#This Row],[AutoID]],"_",TEXT(Activities[[#This Row],[Step]],"##00.0"),"_",Activities[[#This Row],[ActType]]) -> A09B_23.1_SQL | C24: 23.1 | D24: =CONCATENATE(Activities[[#This Row],[Step]],"__",Activities[[#This Row],[ActivityName]],"__",Activities[[#This Row],[ActType]]) -> 23.1__Update_Opt_Out_To_Unsubscriber_From_All_Preferences__SQL | E24: Update_Opt_Out_To_Unsubscriber_From_All_Preferences | F24: SQL | G24: A09B__Consent-Consent Updates | H24: This query updates unenrolled preferences of subscribers that occurred by Sales Cloud into Unsubscribe_From_All_Preferences DE. | I24: . | J24: 06024A4D-34D1-4B70-A6D1-943D3D06B87D | K24: Query/09. Preference/Preference-ConsentUpdates | L24: This query updates unenrolled preferences of subscribers that occurred by Sales Cloud into Unsubscribe_From_All_Preferences DE. | M24: 09B | N24: . | O24: Unsubscribe_From_All_Preferences | P24: Update | Q24: Preferences-Update_Unsubscribed_in_AllSubscribers
A25: =CONCATENATE("A",M25,"_",C25,"_",F25,"_",E25) -> A09B_24.1_SQL_Add_Opt_Out_To_Audit_Preferences_From_Unsubscribe_From_All_DE | B25: =CONCATENATE("A",Activities[[#This Row],[AutoID]],"_",TEXT(Activities[[#This Row],[Step]],"##00.0"),"_",Activities[[#This Row],[ActType]]) -> A09B_24.1_SQL | C25: 24.1 | D25: =CONCATENATE(Activities[[#This Row],[Step]],"__",Activities[[#This Row],[ActivityName]],"__",Activities[[#This Row],[ActType]]) -> 24.1__Add_Opt_Out_To_Audit_Preferences_From_Unsubscribe_From_All_DE__SQL | E25: Add_Opt_Out_To_Audit_Preferences_From_Unsubscribe_From_All_DE | F25: SQL | G25: A09B__Consent-Consent Updates | H25: This query adds records of subscribers who unsubscribed via Sales Cloud from Unsubscribe_From_All_Preferences DE to the Audit_Preferences DE. | I25: . | J25: 9F618F92-2DD9-4D11-B114-8922D8FC187A | K25: Query/09. Preference/Preference-ConsentUpdates | L25: This query adds records of subscribers who unsubscribed via Sales Cloud from Unsubscribe_From_All_Preferences DE to the Audit_Preferences DE. | M25: 09B | N25: . | O25: Audit_Preferences | P25: Append | Q25: Preferences-Update_Unsubscribed_in_AllSubscribers
A26: =CONCATENATE("A",M26,"_",C26,"_",F26,"_",E26) -> A09B_25.1_SQL_Add_Sales_Cloud_Unsubscribe_To_RecordKeeper_Unsub_Pref_Email_DE | B26: =CONCATENATE("A",Activities[[#This Row],[AutoID]],"_",TEXT(Activities[[#This Row],[Step]],"##00.0"),"_",Activities[[#This Row],[ActType]]) -> A09B_25.1_SQL | C26: 25.1 | D26: =CONCATENATE(Activities[[#This Row],[Step]],"__",Activities[[#This Row],[ActivityName]],"__",Activities[[#This Row],[ActType]]) -> 25.1__Add_Sales_Cloud_Unsubscribe_To_RecordKeeper_Unsub_Pref_Email_DE__SQL | E26: Add_Sales_Cloud_Unsubscribe_To_RecordKeeper_Unsub_Pref_Email_DE | F26: SQL | G26: A09B__Consent-Consent Updates | H26: This query adds records of subscribers who unsubscribed via Sales Cloud for Unsub Pref Email DE to the ConsentUpdates_Recordkeeper DE | I26: . | J26: 42B755B7-3702-4E7F-8D5D-8905219BD70C | K26: Query/09. Preference/Preference-ConsentUpdates | L26: This query adds records of subscribers who unsubscribed via Sales Cloud for Unsub Pref Email DE to the ConsentUpdates_Recordkeeper DE | M26: 09B | N26: . | O26: ConsentUpdates_Recordkeeper | P26: Append | Q26: Subscriber_Preferences_Email
A27: =CONCATENATE("A",M27,"_",C27,"_",F27,"_",E27) -> A09B_26.1_SQL_Add_Sales_Cloud_Unsubscribe_To_RecordKeeper_Unsub_From_All_DE | B27: =CONCATENATE("A",Activities[[#This Row],[AutoID]],"_",TEXT(Activities[[#This Row],[Step]],"##00.0"),"_",Activities[[#This Row],[ActType]]) -> A09B_26.1_SQL | C27: 26.1 | D27: =CONCATENATE(Activities[[#This Row],[Step]],"__",Activities[[#This Row],[ActivityName]],"__",Activities[[#This Row],[ActType]]) -> 26.1__Add_Sales_Cloud_Unsubscribe_To_RecordKeeper_Unsub_From_All_DE__SQL | E27: Add_Sales_Cloud_Unsubscribe_To_RecordKeeper_Unsub_From_All_DE | F27: SQL | G27: A09B__Consent-Consent Updates | H27: This query adds records of subscribers who unsubscribed via Sales Cloud for Unsub From All DE to the ConsentUpdates_Recordkeeper DE | I27: . | J27: 80979785-E598-4E72-BD9B-EFA5BC7FC978 | K27: Query/09. Preference/Preference-ConsentUpdates | L27: This query adds records of subscribers who unsubscribed via Sales Cloud for Unsub From All DE to the ConsentUpdates_Recordkeeper DE | M27: 09B | N27: . | O27: ConsentUpdates_Recordkeeper | P27: Append | Q27: Preferences-Update_Unsubscribed_in_AllSubscribers
A28: =CONCATENATE("A",M28,"_",C28,"_",F28,"_",E28) -> A09B_27.1_SQL_SQL_Preferences-Remove_duplicates_With_Associated_Email | B28: =CONCATENATE("A",Activities[[#This Row],[AutoID]],"_",TEXT(Activities[[#This Row],[Step]],"##00.0"),"_",Activities[[#This Row],[ActType]]) -> A09B_27.1_SQL | C28: 27.1 | D28: =CONCATENATE(Activities[[#This Row],[Step]],"__",Activities[[#This Row],[ActivityName]],"__",Activities[[#This Row],[ActType]]) -> 27.1__SQL_Preferences-Remove_duplicates_With_Associated_Email__SQL | E28: SQL_Preferences-Remove_duplicates_With_Associated_Email | F28: SQL | G28: A09B__Consent-Consent Updates | H28: Removes duplicates from the Preferences-Update_Unsubscribed_in_AllSubscribers DE With_Associated_Email | I28: . | J28: C98C0129-8246-4F59-A96A-2C415E4A8874 | K28: Query/09. Preference/Preference-ConsentUpdates | L28: Removes duplicates from the staging DE With_Associated_Email | M28: 09B | N28: . | O28: Preferences-Update_Unsubscribed_in_AllSubscribers_With_Associated_Email | P28: Overwrite | Q28: Preferences-Update_Unsubscribed_in_AllSubscribers
A29: =CONCATENATE("A",M29,"_",C29,"_",F29,"_",E29) -> A09B_28.1_SCRIPT_Flip_active_to_unsub_remove_from_Subscriber_PreferencesEmail | B29: =CONCATENATE("A",Activities[[#This Row],[AutoID]],"_",TEXT(Activities[[#This Row],[Step]],"##00.0"),"_",Activities[[#This Row],[ActType]]) -> A09B_28.1_SCRIPT | C29: 28.1 | D29: =CONCATENATE(Activities[[#This Row],[Step]],"__",Activities[[#This Row],[ActivityName]],"__",Activities[[#This Row],[ActType]]) -> 28.1__Flip_active_to_unsub_remove_from_Subscriber_PreferencesEmail__SCRIPT | E29: Flip_active_to_unsub_remove_from_Subscriber_PreferencesEmail | F29: SCRIPT | G29: A09B__Consent-Consent Updates | H29: This script deletes records from the Subscriber_Preferences_Email DE for matching unsubscribe records and logs any errors in Consent_Updates_Error_Log for review. | I29: . | J29: e986e7a7-3791-46c5-ac2f-f2cfce41ecc3 | K29: Scripts/09. Preference/Consent Updates | M29: 09B | N29: . | O29: Subscriber_Preferences_Email | P29: Delete
A30: =CONCATENATE("A",M30,"_",C30,"_",F30,"_",E30) -> A09B_29.1_WAIT_WAIT - 5 MIN | B30: =CONCATENATE("A",Activities[[#This Row],[AutoID]],"_",TEXT(Activities[[#This Row],[Step]],"##00.0"),"_",Activities[[#This Row],[ActType]]) -> A09B_29.1_WAIT | C30: 29.1 | D30: =CONCATENATE(Activities[[#This Row],[Step]],"__",Activities[[#This Row],[ActivityName]],"__",Activities[[#This Row],[ActType]]) -> 29.1__WAIT - 5 MIN__WAIT | E30: WAIT - 5 MIN | F30: WAIT | G30: A09B__Consent-Consent Updates | I30: . | J30: N/A | K30: N/A | L30: N/A | M30: 09B | N30: . | O30: N/A | P30: N/A | Q30: N/A
A31: =CONCATENATE("A",M31,"_",C31,"_",F31,"_",E31) -> A09B_30.1_SQL_ Consent-ExpiredUnsubscribeAllLinkClicks | B31: =CONCATENATE("A",Activities[[#This Row],[AutoID]],"_",TEXT(Activities[[#This Row],[Step]],"##00.0"),"_",Activities[[#This Row],[ActType]]) -> A09B_30.1_SQL | C31: 30.1 | D31: =CONCATENATE(Activities[[#This Row],[Step]],"__",Activities[[#This Row],[ActivityName]],"__",Activities[[#This Row],[ActType]]) -> 30.1__ Consent-ExpiredUnsubscribeAllLinkClicks__SQL | E31: Consent-ExpiredUnsubscribeAllLinkClicks | F31: SQL | G31: A09B__Consent-Consent Updates | I31: . | J31: E5BD853B-68E7-4090-91DC-3EE1717847D8 | K31: Query | M31: 09B | N31: . | O31: ConsentUpdates-ExpiredUnsubscribeLinkClicks | P31: Overwrite | Q31: Consent_EmailOnlyUnsubscribeFormRequest
A32: =CONCATENATE("A",M32,"_",C32,"_",F32,"_",E32) -> A09B_31.1_DataExtract_ ConsentUpdates-ExpiredUnsubscribeLinkClicks_DataExtract | B32: =CONCATENATE("A",Activities[[#This Row],[AutoID]],"_",TEXT(Activities[[#This Row],[Step]],"##00.0"),"_",Activities[[#This Row],[ActType]]) -> A09B_31.1_DataExtract | C32: 31.1 | D32: =CONCATENATE(Activities[[#This Row],[Step]],"__",Activities[[#This Row],[ActivityName]],"__",Activities[[#This Row],[ActType]]) -> 31.1__ ConsentUpdates-ExpiredUnsubscribeLinkClicks_DataExtract__DataExtract | E32: ConsentUpdates-ExpiredUnsubscribeLinkClicks_DataExtract | F32: DataExtract | G32: A09B__Consent-Consent Updates | I32: . | J32: A21D0D9E-0041-40F9-AB99-1E4F52D0945F | L32: This extract pulls the data ConsentUpdates-ExpiredUnsubscribeLinkClicks into FTP for reimport into SFMC to update all subscribers status | M32: 09B | N32: . | O32: FILE | P32: Data Extension Extract | Q32: ConsentUpdates-ExpiredUnsubscribeLinkClicks | R32: ConsentUpdates-ExpiredUnsubscribeLinkClicks.csv
A33: =CONCATENATE("A",M33,"_",C33,"_",F33,"_",E33) -> A09B_32.1_FileTransfer_ConsentUpdates-ExpiredUnsubscribeLinkClicks_SubscriberImport | B33: =CONCATENATE("A",Activities[[#This Row],[AutoID]],"_",TEXT(Activities[[#This Row],[Step]],"##00.0"),"_",Activities[[#This Row],[ActType]]) -> A09B_32.1_FileTransfer | C33: 32.1 | D33: =CONCATENATE(Activities[[#This Row],[Step]],"__",Activities[[#This Row],[ActivityName]],"__",Activities[[#This Row],[ActType]]) -> 32.1__ConsentUpdates-ExpiredUnsubscribeLinkClicks_SubscriberImport__FileTransfer | E33: ConsentUpdates-ExpiredUnsubscribeLinkClicks_SubscriberImport | F33: FileTransfer | G33: A09B__Consent-Consent Updates | I33: . | J33: 0837857b-56d9-406f-9c36-77368a02315f | L33: This file transfer pulls the data ConsentUpdates-ExpiredUnsubscribeLinkClicks into FTP for reimport into SFMC to update all subscribers status | M33: 09B | N33: . | O33: FILE | P33: Move a File From Safehouse | Q33: ConsentUpdates-ExpiredUnsubscribeLinkClicks.csv | R33: ConsentUpdates-ExpiredUnsubscribeLinkClicks.csv | S33: Enhanced FTP Site Import Directory
A34: =CONCATENATE("A",M34,"_",C34,"_",F34,"_",E34) -> A09B_33.1_DataImport_ConsentUpdates-ExpiredUnsubscribeLinkClicks_SubscriberImport | B34: =CONCATENATE("A",Activities[[#This Row],[AutoID]],"_",TEXT(Activities[[#This Row],[Step]],"##00.0"),"_",Activities[[#This Row],[ActType]]) -> A09B_33.1_DataImport | C34: 33.1 | D34: =CONCATENATE(Activities[[#This Row],[Step]],"__",Activities[[#This Row],[ActivityName]],"__",Activities[[#This Row],[ActType]]) -> 33.1__ConsentUpdates-ExpiredUnsubscribeLinkClicks_SubscriberImport__DataImport | E34: ConsentUpdates-ExpiredUnsubscribeLinkClicks_SubscriberImport | F34: DataImport | G34: A09B__Consent-Consent Updates | I34: . | J34: A702EDCE-DC93-4DB8-9ECB-538D3BC05534 | L34: This import pulls the data ConsentUpdates-ExpiredUnsubscribeLinkClicks into All Subscribers for reimport into SFMC to update all subscribers status fo... | M34: 09B | N34: . | O34: "All Subscribers" (Subscriber List) | P34: Add and Update | Q34: ConsentUpdates-ExpiredUnsubscribeLinkClicks.csv | R34: ConsentUpdates-ExpiredUnsubscribeLinkClicks.csv | S34: Enhanced FTP Site Import Directory | T34: gavinclark@kpmg.com
A35: =CONCATENATE("A",M35,"_",C35,"_",F35,"_",E35) -> A09B_34.1_SQL_Consent-UpdateProcessedData | B35: =CONCATENATE("A",Activities[[#This Row],[AutoID]],"_",TEXT(Activities[[#This Row],[Step]],"##00.0"),"_",Activities[[#This Row],[ActType]]) -> A09B_34.1_SQL | C35: 34.1 | D35: =CONCATENATE(Activities[[#This Row],[Step]],"__",Activities[[#This Row],[ActivityName]],"__",Activities[[#This Row],[ActType]]) -> 34.1__Consent-UpdateProcessedData__SQL | E35: Consent-UpdateProcessedData | F35: SQL | G35: A09B__Consent-Consent Updates | I35: . | J35: 7C397CFA-9CBF-4545-9B29-C993282A68C1 | K35: Query | M35: 09B | N35: . | O35: Consent_EmailOnlyUnsubscribeFormRequest | P35: Update | Q35: ConsentUpdates-ExpiredUnsubscribeLinkClicks
A36: =CONCATENATE("A",M36,"_",C36,"_",F36,"_",E36) -> A09B_35.1_SQL_UnsubscribedSubscribers | B36: =CONCATENATE("A",Activities[[#This Row],[AutoID]],"_",TEXT(Activities[[#This Row],[Step]],"##00.0"),"_",Activities[[#This Row],[ActType]]) -> A09B_35.1_SQL | C36: 35.1 | D36: =CONCATENATE(Activities[[#This Row],[Step]],"__",Activities[[#This Row],[ActivityName]],"__",Activities[[#This Row],[ActType]]) -> 35.1__UnsubscribedSubscribers__SQL | E36: UnsubscribedSubscribers | F36: SQL | G36: A09B__Consent-Consent Updates | H36: Retrieves unsubscribed status from all subscribers. | I36: . | J36: 1D76CB5A-FA31-4B3D-A8A1-4A0C36849DB5 | K36: Query/09. Preference/Preference-ConsentUpdates | M36: 09B | N36: . | O36: UnsubscribedSubscribers | P36: Overwrite | Q36: _Subscribers
A37: =CONCATENATE("A",M37,"_",C37,"_",F37,"_",E37) -> A09B_36.1_SCRIPT_RealTimeIFDConsentStatus | B37: =CONCATENATE("A",Activities[[#This Row],[AutoID]],"_",TEXT(Activities[[#This Row],[Step]],"##00.0"),"_",Activities[[#This Row],[ActType]]) -> A09B_36.1_SCRIPT | C37: 36.1 | D37: =CONCATENATE(Activities[[#This Row],[Step]],"__",Activities[[#This Row],[ActivityName]],"__",Activities[[#This Row],[ActType]]) -> 36.1__RealTimeIFDConsentStatus__SCRIPT | E37: RealTimeIFDConsentStatus | F37: SCRIPT | G37: A09B__Consent-Consent Updates | H37: Retrieves real time consent update from sales cloud | I37: . | J37: fcea9317-1710-4d6f-94ff-d9b229318b74 | K37: Scripts/09. Preference/Consent Updates | M37: 09B | N37: .
A38: =CONCATENATE("A",M38,"_",C38,"_",F38,"_",E38) -> A09B_37.1_SQL_Add_PrimaryEmailRecords_To_OptOut_From_Sales_Cloud | B38: =CONCATENATE("A",Activities[[#This Row],[AutoID]],"_",TEXT(Activities[[#This Row],[Step]],"##00.0"),"_",Activities[[#This Row],[ActType]]) -> A09B_37.1_SQL | C38: 37.1 | D38: =CONCATENATE(Activities[[#This Row],[Step]],"__",Activities[[#This Row],[ActivityName]],"__",Activities[[#This Row],[ActType]]) -> 37.1__Add_PrimaryEmailRecords_To_OptOut_From_Sales_Cloud__SQL | E38: Add_PrimaryEmailRecords_To_OptOut_From_Sales_Cloud | F38: SQL | G38: A09B__Consent-Consent Updates | H38: This query retrieves primary email unsubscribe records from Unsubscribe_Record to opt out from sales cloud. | I38: . | J38: 204DEA2F-D324-44D4-89CB-88D150A4083C | K38: Query/09. Preference/Preference-ConsentUpdates | L38: This query retrieves primary email unsubscribe records from Unsubscribe_Record to opt out from sales cloud. | M38: 09B | N38: . | O38: Unsubscribe_Record_From_Sales_Cloud | P38: Overwrite | Q38: Unsubscribe_Record
A39: =CONCATENATE("A",M39,"_",C39,"_",F39,"_",E39) -> A09B_38.1_SQL_Update_Associated_Email_From_All_Subscribers | B39: =CONCATENATE("A",Activities[[#This Row],[AutoID]],"_",TEXT(Activities[[#This Row],[Step]],"##00.0"),"_",Activities[[#This Row],[ActType]]) -> A09B_38.1_SQL | C39: 38.1 | D39: =CONCATENATE(Activities[[#This Row],[Step]],"__",Activities[[#This Row],[ActivityName]],"__",Activities[[#This Row],[ActType]]) -> 38.1__Update_Associated_Email_From_All_Subscribers__SQL | E39: Update_Associated_Email_From_All_Subscribers | F39: SQL | G39: A09B__Consent-Consent Updates | H39: This query retrieves the most recent subscriber records for all email addresses associated with leads or contacts who have unsubscribed through the 1-click header. | I39: . | J39: 06767661-847B-48E8-B024-E2CCAA5E251A | K39: Query/09. Preference/Preference-ConsentUpdates | M39: 09B | N39: . | O39: Unsubscribe_Record | P39: Update | Q39: ContactPointEmail_Salesforce_5
A40: =CONCATENATE("A",M40,"_",C40,"_",F40,"_",E40) -> A09B_39.1_SQL_Unsubscribe_Associated_Email_From_All_Subscribers | B40: =CONCATENATE("A",Activities[[#This Row],[AutoID]],"_",TEXT(Activities[[#This Row],[Step]],"##00.0"),"_",Activities[[#This Row],[ActType]]) -> A09B_39.1_SQL | C40: 39.1 | D40: =CONCATENATE(Activities[[#This Row],[Step]],"__",Activities[[#This Row],[ActivityName]],"__",Activities[[#This Row],[ActType]]) -> 39.1__Unsubscribe_Associated_Email_From_All_Subscribers__SQL | E40: Unsubscribe_Associated_Email_From_All_Subscribers | F40: SQL | G40: A09B__Consent-Consent Updates | H40: This query fetches records associated with primary email based on SubscriberKey field from Unsubscribe_Record where the corresponding subscriber is currently marked as Active in the _Subscribers. | I40: . | J40: 4D5ACEBD-FFFE-4C5B-85EA-56769D4BA89C | K40: Query/09. Preference/Preference-ConsentUpdates | M40: 09B | N40: . | O40: Unsubscribe_Record_W_AssociatedEmails | P40: Overwrite | Q40: Unsubscribe_Record
A41: =CONCATENATE("A",M41,"_",C41,"_",F41,"_",E41) -> A09B_40.1_DataExtract_Unsubscribe_Record_W_AssociatedEmails | B41: =CONCATENATE("A",Activities[[#This Row],[AutoID]],"_",TEXT(Activities[[#This Row],[Step]],"##00.0"),"_",Activities[[#This Row],[ActType]]) -> A09B_40.1_DataExtract | C41: 40.1 | D41: =CONCATENATE(Activities[[#This Row],[Step]],"__",Activities[[#This Row],[ActivityName]],"__",Activities[[#This Row],[ActType]]) -> 40.1__Unsubscribe_Record_W_AssociatedEmails__DataExtract | E41: Unsubscribe_Record_W_AssociatedEmails | F41: DataExtract | G41: A09B__Consent-Consent Updates | H41: Extract records from Unsubscribe_Record_W_AssociatedEmails. | I41: . | J41: DC0A5BCC-33E6-46DD-8240-0C7AF547C614 | L41: Extract records from Unsubscribe_Record_W_AssociatedEmails | M41: 09B | N41: . | O41: FILE | P41: Data Extension Extract | Q41: B0236042-6C31-4DDA-AD80-5F5B90C412F3 | R41: Unsubscribe_Record_W_AssociatedEmails.csv
A42: =CONCATENATE("A",M42,"_",C42,"_",F42,"_",E42) -> A09B_41.1_FileTransfer_Unsubscribe_Record_W_AssociatedEmails | B42: =CONCATENATE("A",Activities[[#This Row],[AutoID]],"_",TEXT(Activities[[#This Row],[Step]],"##00.0"),"_",Activities[[#This Row],[ActType]]) -> A09B_41.1_FileTransfer | C42: 41.1 | D42: =CONCATENATE(Activities[[#This Row],[Step]],"__",Activities[[#This Row],[ActivityName]],"__",Activities[[#This Row],[ActType]]) -> 41.1__Unsubscribe_Record_W_AssociatedEmails__FileTransfer | E42: Unsubscribe_Record_W_AssociatedEmails | F42: FileTransfer | G42: A09B__Consent-Consent Updates | H42: FTP Unsubscribe_Record_W_AssociatedEmails.csv file transfer | I42: . | J42: c1a86b2e-08c3-4072-845f-e64c8e001f75 | L42: FTP Unsubscribe_Record_W_AssociatedEmails.csv file transfer | M42: 09B | N42: . | O42: FILE | P42: Move a File From Safehouse | Q42: Unsubscribe_Record_W_AssociatedEmails.csv | R42: Unsubscribe_Record_W_AssociatedEmails.csv | S42: KPMG SFTP Outgoing
A43: =CONCATENATE("A",M43,"_",C43,"_",F43,"_",E43) -> A09B_42.1_DataImport_Unsubscribe_Record_W_AssociatedEmails | B43: =CONCATENATE("A",Activities[[#This Row],[AutoID]],"_",TEXT(Activities[[#This Row],[Step]],"##00.0"),"_",Activities[[#This Row],[ActType]]) -> A09B_42.1_DataImport | C43: 42.1 | D43: =CONCATENATE(Activities[[#This Row],[Step]],"__",Activities[[#This Row],[ActivityName]],"__",Activities[[#This Row],[ActType]]) -> 42.1__Unsubscribe_Record_W_AssociatedEmails__DataImport | E43: Unsubscribe_Record_W_AssociatedEmails | F43: DataImport | G43: A09B__Consent-Consent Updates | H43: Importing records to destination from ftp in All Subscribers List. | I43: . | J43: 287E0F0D-AD94-4D36-8885-FF32203EAAE9 | L43: Importing records to destination from ftp in All Subscribers List. | M43: 09B | N43: . | O43: "All Subscribers" (Subscriber List) | P43: Update Only | Q43: Unsubscribe_Record_W_AssociatedEmails.csv | R43: Unsubscribe_Record_W_AssociatedEmails.csv | S43: KPMG SFTP Outgoing
A44: =CONCATENATE("A",M44,"_",C44,"_",F44,"_",E44) -> A09B_43.1_SQL_Update_PrimaryEmailRecords_From_Unsubscribe_Record | B44: =CONCATENATE("A",Activities[[#This Row],[AutoID]],"_",TEXT(Activities[[#This Row],[Step]],"##00.0"),"_",Activities[[#This Row],[ActType]]) -> A09B_43.1_SQL | C44: 43.1 | D44: =CONCATENATE(Activities[[#This Row],[Step]],"__",Activities[[#This Row],[ActivityName]],"__",Activities[[#This Row],[ActType]]) -> 43.1__Update_PrimaryEmailRecords_From_Unsubscribe_Record__SQL | E44: Update_PrimaryEmailRecords_From_Unsubscribe_Record | F44: SQL | G44: A09B__Consent-Consent Updates | H44: This query retrieves primary email unsubscribe records from Unsubscribe_Record that are not already included in Unsubscribe_Record_W_AssociatedEmails | I44: . | J44: 1E5C54FB-7471-4204-A108-F1BFA0A99AE9 | K44: Query/09. Preference/Preference-ConsentUpdates | L44: This query retrieves primary email unsubscribe records from Unsubscribe_Record that are not already included in Unsubscribe_Record_W_AssociatedEmails | M44: 09B | N44: . | O44: Unsubscribe_Record_W_AssociatedEmails | P44: Update | Q44: Unsubscribe_Record
A45: =CONCATENATE("A",M45,"_",C45,"_",F45,"_",E45) -> A09B_44.1_SCRIPT_1_Click_Unsubscribe_IFD_OptintoOptOut | B45: =CONCATENATE("A",Activities[[#This Row],[AutoID]],"_",TEXT(Activities[[#This Row],[Step]],"##00.0"),"_",Activities[[#This Row],[ActType]]) -> A09B_44.1_SCRIPT | C45: 44.1 | D45: =CONCATENATE(Activities[[#This Row],[Step]],"__",Activities[[#This Row],[ActivityName]],"__",Activities[[#This Row],[ActType]]) -> 44.1__1_Click_Unsubscribe_IFD_OptintoOptOut__SCRIPT | E45: 1_Click_Unsubscribe_IFD_OptintoOptOut | F45: SCRIPT | G45: A09B__Consent-Consent Updates | H45: This script updates the Individual Firm Details consent status in Salesforce to Opt Out for matching unsubscribe records and logs any errors in Consent_Updates_Error_Log for review. | I45: . | J45: 185c18e8-b8d3-49b8-aac4-37545d70d893 | K45: Scripts/09. Preference/Consent Updates | M45: 09B | N45: . | O45: B147A6B0-AC80-4799-94A6-E2E695C61C4F
A46: =CONCATENATE("A",M46,"_",C46,"_",F46,"_",E46) -> A09B_45.1_SQL_Update_Unsubscriber_Preferences_Email | B46: =CONCATENATE("A",Activities[[#This Row],[AutoID]],"_",TEXT(Activities[[#This Row],[Step]],"##00.0"),"_",Activities[[#This Row],[ActType]]) -> A09B_45.1_SQL | C46: 45.1 | D46: =CONCATENATE(Activities[[#This Row],[Step]],"__",Activities[[#This Row],[ActivityName]],"__",Activities[[#This Row],[ActType]]) -> 45.1__Update_Unsubscriber_Preferences_Email__SQL | E46: Update_Unsubscriber_Preferences_Email | F46: SQL | G46: A09B__Consent-Consent Updates | H46: This query updates unenrolled preferences of subscribers that occurred by one-click unsubscribe into Unsubscriber_Preferences_Email DE. | I46: . | J46: F182CAD5-FA0A-4BCA-BCFA-B4CB715A2BC1 | K46: Query/09. Preference/Preference-ConsentUpdates | L46: This query updates unenrolled preferences of subscribers that occurred by one-click unsubscribe into Unsubscriber_Preferences_Email DE. | M46: 09B | N46: . | O46: Unsubscriber_Preferences_Email | P46: Update | Q46: Subscriber_Preferences_Email
A47: =CONCATENATE("A",M47,"_",C47,"_",F47,"_",E47) -> A09B_46.1_SQL_Add_Unsubscribe_To_Audit_Preferences_From_Unsubscribe_Pref_Email | B47: =CONCATENATE("A",Activities[[#This Row],[AutoID]],"_",TEXT(Activities[[#This Row],[Step]],"##00.0"),"_",Activities[[#This Row],[ActType]]) -> A09B_46.1_SQL | C47: 46.1 | D47: =CONCATENATE(Activities[[#This Row],[Step]],"__",Activities[[#This Row],[ActivityName]],"__",Activities[[#This Row],[ActType]]) -> 46.1__Add_Unsubscribe_To_Audit_Preferences_From_Unsubscribe_Pref_Email__SQL | E47: Add_Unsubscribe_To_Audit_Preferences_From_Unsubscribe_Pref_Email | F47: SQL | G47: A09B__Consent-Consent Updates | H47: This query adds records of subscribers who unsubscribed via 1-Click from Unsubscriber_Preferences_Email DE to the Audit_Preferences DE. | I47: . | J47: 7F34E1C0-B321-442D-A5A4-9BBA27D79798 | K47: Query/09. Preference/Preference-ConsentUpdates | L47: Adds 1-Click unsubscribed subscribers' records to Audit_Preferences DE from Unsubscriber_Preferences_Email DE. | M47: 09B | N47: . | O47: Audit_Preferences | P47: Append | Q47: Subscriber_Preferences_Email
A48: =CONCATENATE("A",M48,"_",C48,"_",F48,"_",E48) -> A09B_47.1_SQL_Update_Unsubscribe_From_All_Preferences | B48: =CONCATENATE("A",Activities[[#This Row],[AutoID]],"_",TEXT(Activities[[#This Row],[Step]],"##00.0"),"_",Activities[[#This Row],[ActType]]) -> A09B_47.1_SQL | C48: 47.1 | D48: =CONCATENATE(Activities[[#This Row],[Step]],"__",Activities[[#This Row],[ActivityName]],"__",Activities[[#This Row],[ActType]]) -> 47.1__Update_Unsubscribe_From_All_Preferences__SQL | E48: Update_Unsubscribe_From_All_Preferences | F48: SQL | G48: A09B__Consent-Consent Updates | H48: This query updates unenrolled preferences of subscribers that occurred by one-click unsubscribe into Unsubscribe_From_All_Preferences DE. | I48: . | J48: 945DBF72-8252-4DEF-8D62-AF8F6E3A13BD | K48: Query/09. Preference/Preference-ConsentUpdates | L48: This query updates unenrolled preferences of subscribers that occurred by one-click unsubscribe into Unsubscribe_From_All_Preferences DE | M48: 09B | N48: . | O48: Unsubscribe_From_All_Preferences | P48: Update | Q48: Unsubscribe_Record_W_AssociatedEmails
A49: =CONCATENATE("A",M49,"_",C49,"_",F49,"_",E49) -> A09B_48.1_SQL_Add_Unsubscribes_To_Audit_Preferences_From_Unsubscribe_From_All | B49: =CONCATENATE("A",Activities[[#This Row],[AutoID]],"_",TEXT(Activities[[#This Row],[Step]],"##00.0"),"_",Activities[[#This Row],[ActType]]) -> A09B_48.1_SQL | C49: 48.1 | D49: =CONCATENATE(Activities[[#This Row],[Step]],"__",Activities[[#This Row],[ActivityName]],"__",Activities[[#This Row],[ActType]]) -> 48.1__Add_Unsubscribes_To_Audit_Preferences_From_Unsubscribe_From_All__SQL | E49: Add_Unsubscribes_To_Audit_Preferences_From_Unsubscribe_From_All | F49: SQL | G49: A09B__Consent-Consent Updates | H49: This query adds records of subscribers who unsubscribed via 1-Click from Unsubscribe_From_All_Preferences DE to the Audit_Preferences DE. | I49: . | J49: ABE18024-58CA-4770-9612-31A7AD103D92 | K49: Query/09. Preference/Preference-ConsentUpdates | L49: Add Unsubscribes To Audit Preferences From Unsubscribe From All Preferences DE | M49: 09B | N49: . | O49: Audit_Preferences | P49: Append | Q49: Unsubscribe_Record_W_AssociatedEmails
A50: =CONCATENATE("A",M50,"_",C50,"_",F50,"_",E50) -> A09B_49.1_SCRIPT_ 1_Click_Unsubscribe_Remove_From_Subscriber_Preferences_Email_DE | B50: =CONCATENATE("A",Activities[[#This Row],[AutoID]],"_",TEXT(Activities[[#This Row],[Step]],"##00.0"),"_",Activities[[#This Row],[ActType]]) -> A09B_49.1_SCRIPT | C50: 49.1 | D50: =CONCATENATE(Activities[[#This Row],[Step]],"__",Activities[[#This Row],[ActivityName]],"__",Activities[[#This Row],[ActType]]) -> 49.1__ 1_Click_Unsubscribe_Remove_From_Subscriber_Preferences_Email_DE__SCRIPT | E50: 1_Click_Unsubscribe_Remove_From_Subscriber_Preferences_Email_DE | F50: SCRIPT | G50: A09B__Consent-Consent Updates | H50: This script deletes records from the Subscriber_Preferences_Email DE for matching unsubscribe records and logs any errors in Consent_Updates_Error_Log for review. | I50: . | J50: 282f1432-c648-4b4d-9a7d-99dc1cdb9a80 | K50: Scripts/09. Preference/Consent Updates | L50: This script deletes records from the Subscriber_Preferences_Email DE for matching unsubscribe records and logs any errors in Consent_Updates_Error_Log for review. | M50: 09B | N50: . | O50: Update | P50: Delete | Q50: 03413CED-7F36-405A-A007-BFE677AA48F2
A51: =CONCATENATE("A",M51,"_",C51,"_",F51,"_",E51) -> A09B_50.1_SQL_Add 1-Click_Unsubscribe_To_RecordKeeper | B51: =CONCATENATE("A",Activities[[#This Row],[AutoID]],"_",TEXT(Activities[[#This Row],[Step]],"##00.0"),"_",Activities[[#This Row],[ActType]]) -> A09B_50.1_SQL | C51: 50.1 | D51: =CONCATENATE(Activities[[#This Row],[Step]],"__",Activities[[#This Row],[ActivityName]],"__",Activities[[#This Row],[ActType]]) -> 50.1__Add 1-Click_Unsubscribe_To_RecordKeeper__SQL | E51: Add 1-Click_Unsubscribe_To_RecordKeeper | F51: SQL | G51: A09B__Consent-Consent Updates | H51: This query adds records of subscribers who unsubscribed via 1-Click from Unsubscribe_Record_W_AssociatedEmails to the ConsentUpdates_Recordkeeper DE | I51: . | J51: 726F43D9-33B0-47ED-B231-C37227C2ABC0 | K51: Query/09. Preference/Preference-ConsentUpdates | L51: This query adds records of subscribers who unsubscribed via 1-Click from Unsubscribe_Record_W_AssociatedEmails to the ConsentUpdates_Recordkeeper DE | M51: 09B | N51: . | O51: ConsentUpdates_Recordkeeper | P51: Append | Q51: Unsubscribe_Record_W_AssociatedEmails
A52: =CONCATENATE("A",M52,"_",C52,"_",F52,"_",E52) -> A09B_51.1_SQL_Consent_Status_Pending | B52: =CONCATENATE("A",Activities[[#This Row],[AutoID]],"_",TEXT(Activities[[#This Row],[Step]],"##00.0"),"_",Activities[[#This Row],[ActType]]) -> A09B_51.1_SQL | C52: 51.1 | D52: =CONCATENATE(Activities[[#This Row],[Step]],"__",Activities[[#This Row],[ActivityName]],"__",Activities[[#This Row],[ActType]]) -> 51.1__Consent_Status_Pending__SQL | E52: Consent_Status_Pending | F52: SQL | G52: A09B__Consent-Consent Updates | I52: . | J52: 02CE97EB-5E2C-4776-BA1D-BB55915D9A96 | K52: Query/09. Preference/Preference-ConsentUpdates | M52: 09B | N52: . | O52: Consent_Status_Pending | P52: Overwrite | Q52: Centralized_Form_Processor_DE
A53: =CONCATENATE("A",M53,"_",C53,"_",F53,"_",E53) -> A09B_52.1_SCRIPT_Consent_Status_Update | B53: =CONCATENATE("A",Activities[[#This Row],[AutoID]],"_",TEXT(Activities[[#This Row],[Step]],"##00.0"),"_",Activities[[#This Row],[ActType]]) -> A09B_52.1_SCRIPT | C53: 52.1 | D53: =CONCATENATE(Activities[[#This Row],[Step]],"__",Activities[[#This Row],[ActivityName]],"__",Activities[[#This Row],[ActType]]) -> 52.1__Consent_Status_Update__SCRIPT | E53: Consent_Status_Update | F53: SCRIPT | G53: A09B__Consent-Consent Updates | I53: . | J53: a8301dc6-7129-48f4-bb1e-a8d9919e215b | K53: a8301dc6-7129-48f4-bb1e-a8d9919e215b | M53: 09B | N53: . | O53: KPMG_Individual_Firm_Details__c | Q53: KPMG_Individual_Firm_Details__c
A54: =CONCATENATE("A",M54,"_",C54,"_",F54,"_",E54) -> A09B_53.1_VERIF_VERIF - Remaining_Optin_Records_From_UnsubscribeFromAllPreferences | B54: =CONCATENATE("A",Activities[[#This Row],[AutoID]],"_",TEXT(Activities[[#This Row],[Step]],"##00.0"),"_",Activities[[#This Row],[ActType]]) -> A09B_53.1_VERIF | C54: 53.1 | D54: =CONCATENATE(Activities[[#This Row],[Step]],"__",Activities[[#This Row],[ActivityName]],"__",Activities[[#This Row],[ActType]]) -> 53.1__VERIF - Remaining_Optin_Records_From_UnsubscribeFromAllPreferences__VERIF | E54: VERIF - Remaining_Optin_Records_From_UnsubscribeFromAllPreferences | F54: VERIF | G54: A09B__Consent-Consent Updates | I54: . | M54: 09B | N54: . | P54: ALERT | Q54: Remaining_Optin_Records_From_UnsubscribeFromAllPreferences | S54: rnandini@kpmg.com varshashelar@kpmg.com ajeetsingh3@kpmg.com rcordingley@KPMG.com anirudhganeshbharadw@KPMG.com
A55: =CONCATENATE("A",M55,"_",C55,"_",F55,"_",E55) -> A___ | B55: =CONCATENATE("A",Activities[[#This Row],[AutoID]],"_",TEXT(Activities[[#This Row],[Step]],"##00.0"),"_",Activities[[#This Row],[ActType]]) -> A_00.0_ | D55: =CONCATENATE(Activities[[#This Row],[Step]],"__",Activities[[#This Row],[ActivityName]],"__",Activities[[#This Row],[ActType]]) -> ____ | N55: .
A56: =CONCATENATE("A",M56,"_",C56,"_",F56,"_",E56) -> A___ | B56: =CONCATENATE("A",Activities[[#This Row],[AutoID]],"_",TEXT(Activities[[#This Row],[Step]],"##00.0"),"_",Activities[[#This Row],[ActType]]) -> A_00.0_ | D56: =CONCATENATE(Activities[[#This Row],[Step]],"__",Activities[[#This Row],[ActivityName]],"__",Activities[[#This Row],[ActType]]) -> ____ | I56: . | N56: .
A57: =CONCATENATE("A",M57,"_",C57,"_",F57,"_",E57) -> A___ | B57: =CONCATENATE("A",Activities[[#This Row],[AutoID]],"_",TEXT(Activities[[#This Row],[Step]],"##00.0"),"_",Activities[[#This Row],[ActType]]) -> A_00.0_ | D57: =CONCATENATE(Activities[[#This Row],[Step]],"__",Activities[[#This Row],[ActivityName]],"__",Activities[[#This Row],[ActType]]) -> ____
A58: =CONCATENATE("A",M58,"_",C58,"_",F58,"_",E58) -> A___ | B58: =CONCATENATE("A",Activities[[#This Row],[AutoID]],"_",TEXT(Activities[[#This Row],[Step]],"##00.0"),"_",Activities[[#This Row],[ActType]]) -> A_00.0_ | D58: =CONCATENATE(Activities[[#This Row],[Step]],"__",Activities[[#This Row],[ActivityName]],"__",Activities[[#This Row],[ActType]]) -> ____
A59: =CONCATENATE("A",M59,"_",C59,"_",F59,"_",E59) -> A___ | B59: =CONCATENATE("A",Activities[[#This Row],[AutoID]],"_",TEXT(Activities[[#This Row],[Step]],"##00.0"),"_",Activities[[#This Row],[ActType]]) -> A_00.0_ | D59: =CONCATENATE(Activities[[#This Row],[Step]],"__",Activities[[#This Row],[ActivityName]],"__",Activities[[#This Row],[ActType]]) -> ____
A60: =CONCATENATE("A",M60,"_",C60,"_",F60,"_",E60) -> A___ | B60: =CONCATENATE("A",Activities[[#This Row],[AutoID]],"_",TEXT(Activities[[#This Row],[Step]],"##00.0"),"_",Activities[[#This Row],[ActType]]) -> A_00.0_ | D60: =CONCATENATE(Activities[[#This Row],[Step]],"__",Activities[[#This Row],[ActivityName]],"__",Activities[[#This Row],[ActType]]) -> ____
A61: =CONCATENATE("A",M61,"_",C61,"_",F61,"_",E61) -> A___ | B61: =CONCATENATE("A",Activities[[#This Row],[AutoID]],"_",TEXT(Activities[[#This Row],[Step]],"##00.0"),"_",Activities[[#This Row],[ActType]]) -> A_00.0_ | D61: =CONCATENATE(Activities[[#This Row],[Step]],"__",Activities[[#This Row],[ActivityName]],"__",Activities[[#This Row],[ActType]]) -> ____
A62: =CONCATENATE("A",M62,"_",C62,"_",F62,"_",E62) -> A___ | B62: =CONCATENATE("A",Activities[[#This Row],[AutoID]],"_",TEXT(Activities[[#This Row],[Step]],"##00.0"),"_",Activities[[#This Row],[ActType]]) -> A_00.0_ | D62: =CONCATENATE(Activities[[#This Row],[Step]],"__",Activities[[#This Row],[ActivityName]],"__",Activities[[#This Row],[ActType]]) -> ____
